Movie Title,Studio,Weekend Date,Opening Revenue
Flight,Par.,11/2/2012,"$24,900,566"
Child's Play 2,Uni.,11/9/1990,"$10,718,520"
Hostel,Lions,1/6/2006,"$19,556,099"
Underdog,BV,8/3/2007,"$11,585,121"
The Curious Case of Benjamin Button,Par.,12/25/2008,"$26,853,816"
The Incredibles,BV,11/5/2004,"$70,467,623"
The Kingdom,Uni.,9/28/2007,"$17,135,055"
The Fast and the Furious: Tokyo Drift,Uni.,6/16/2006,"$23,973,840"
Star Wars (Special Edition),Fox,1/31/1997,"$35,906,661"
The Karate Kid Part II,Col.,6/20/1986,"$12,652,336"
Rush Hour,NL,9/18/1998,"$33,001,803"
The 40-Year-Old Virgin,Uni.,8/19/2005,"$21,422,815"
The Nutty Professor (1996),Uni.,6/28/1996,"$25,411,725"
Brave,BV,6/22/2012,"$66,323,594"
The Heartbreak Kid,P/DW,10/5/2007,"$14,022,105"
Shanghai Knights,BV,2/7/2003,"$19,603,630"
Les Miserables (2012),Uni.,12/25/2012,"$27,281,735"
Beverly Hills Chihuahua,BV,10/3/2008,"$29,300,465"
Bee Movie,P/DW,11/2/2007,"$38,021,044"
Tyler Perry's Daddy's Little Girls,LGF,2/14/2007,"$11,210,754"
John Tucker Must Die,Fox,7/28/2006,"$14,276,534"
Dumb and Dumberer: When Harry Met Lloyd,NL,6/13/2003,"$10,845,064"
Jackass: Number Two,Par.,9/22/2006,"$29,002,002"
"10,000 B.C.",WB,3/7/2008,"$35,867,488"
28 Days Later,FoxS,6/27/2003,"$10,061,858"
The Spiderwick Chronicles,Par.,2/14/2008,"$19,004,058"
The Book of Eli,WB,1/15/2010,"$32,789,494"
Sex and the City 2,WB (NL),5/27/2010,"$31,001,870"
Psycho (1998),Uni.,12/4/1998,"$10,031,850"
The Empire Strikes Back (Special Edition),Fox,2/21/1997,"$21,975,993"
Blue Streak,Sony,9/17/1999,"$19,208,806"
Toy Story / Toy Story 2 (3D),BV,10/2/2009,"$12,491,789"
We Own the Night,Sony,10/12/2007,"$10,826,287"
Madagascar 3: Europe's Most Wanted,P/DW,6/8/2012,"$60,316,738"
Lethal Weapon 4,WB,7/10/1998,"$34,048,124"
Die Hard 2: Die Harder,Fox,7/6/1990,"$21,744,661"
Clear and Present Danger,Par.,8/5/1994,"$20,348,017"
The Time Traveler's Wife,WB (NL),8/14/2009,"$18,623,171"
The American President,Sony,11/17/1995,"$10,014,558"
Red Riding Hood,WB,3/11/2011,"$14,005,335"
Sneakers,Uni.,9/11/1992,"$10,031,145"
A Time to Kill,WB,7/26/1996,"$14,823,159"
White Chicks,Sony,6/23/2004,"$19,676,748"
The Black Dahlia,Uni.,9/15/2006,"$10,005,895"
Mr. &amp; Mrs. Smith,Fox,6/10/2005,"$50,342,878"
Erin Brockovich,Uni.,3/17/2000,"$28,138,465"
Hancock,Sony,7/2/2008,"$62,603,879"
Gothika,WB,11/21/2003,"$19,288,438"
Serenity,Uni.,9/30/2005,"$10,086,680"
Sea of Love,Uni.,9/15/1989,"$10,017,840"
Deuce Bigalow: Male Gigolo,BV,12/10/1999,"$12,224,016"
Drag Me to Hell,Uni.,5/29/2009,"$15,825,480"
Secondhand Lions,NL,9/19/2003,"$12,139,832"
Titanic,Par.,12/19/1997,"$28,638,131"
State of Play,Uni.,4/17/2009,"$14,071,280"
Treasure Planet,BV,11/27/2002,"$12,083,248"
Not Another Teen Movie,Sony,12/14/2001,"$12,615,116"
In Her Shoes,Fox,10/7/2005,"$10,017,575"
Star Trek: Nemesis,Par.,12/13/2002,"$18,513,305"
Clueless,Par.,7/21/1995,"$10,612,443"
Tyler Perry's Good Deeds,LGF,2/24/2012,"$15,583,924"
The Talented Mr. Ripley,Par.,12/25/1999,"$12,738,237"
College Road Trip,BV,3/7/2008,"$13,601,419"
"Monsters, Inc.",BV,11/2/2001,"$62,577,067"
My Bloody Valentine 3-D,LGF,1/16/2009,"$21,241,456"
Sleepwalkers,Col.,4/10/1992,"$10,017,354"
The General's Daughter,Par.,6/18/1999,"$22,332,053"
Lemony Snicket's A Series of Unfortunate Events,Par.,12/17/2004,"$30,061,756"
Puss in Boots,P/DW,10/28/2011,"$34,077,439"
Runaway Bride,Par.,7/30/1999,"$35,055,556"
For Colored Girls,LGF,11/5/2010,"$19,497,324"
Shrek the Third,P/DW,5/18/2007,"$121,629,270"
Takers,SGem,8/27/2010,"$20,512,304"
Robots,Fox,3/11/2005,"$36,045,301"
The Brothers,SGem,3/23/2001,"$10,302,846"
Walking Tall,MGM,4/2/2004,"$15,501,114"
Toy Story 3,BV,6/18/2010,"$110,307,189"
Analyze This,WB,3/5/1999,"$18,383,507"
Toy Story 2,BV,11/24/1999,"$57,388,839"
The Wolfman,Uni.,2/12/2010,"$31,479,235"
The Odd Life of Timothy Green,BV,8/15/2012,"$10,822,903"
Pet Sematary,Par.,4/21/1989,"$12,046,179"
Patch Adams,Uni.,12/25/1998,"$25,262,280"
The Happening,Fox,6/13/2008,"$30,517,109"
Money Train,Sony,11/22/1995,"$10,608,297"
Blades of Glory,P/DW,3/30/2007,"$33,014,202"
The Truman Show,Par.,6/5/1998,"$31,542,121"
United 93,Uni.,4/28/2006,"$11,478,360"
Speed,Fox,6/10/1994,"$14,456,194"
Hellboy,SonR,4/2/2004,"$23,172,440"
Dreamcatcher,WB,3/21/2003,"$15,027,423"
Devil,Uni.,9/17/2010,"$12,289,375"
Return of the Jedi,Fox,5/25/1983,"$23,019,618"
Gangster Squad,WB,1/11/2013,"$17,070,347"
Extremely Loud &amp; Incredibly Close,WB,1/20/2012,"$10,045,332"
This Christmas,SGem,11/21/2007,"$17,958,183"
Saw III,LGF,10/27/2006,"$33,610,391"
8 Mile,Uni.,11/8/2002,"$51,240,555"
The Forgotten,SonR,9/24/2004,"$21,022,111"
Hanging Up,Sony,2/18/2000,"$13,567,978"
The Dukes of Hazzard,WB,8/5/2005,"$30,675,314"
The Strangers,Rog.,5/30/2008,"$20,997,985"
Spy Kids,Mira.,3/30/2001,"$26,546,881"
Superbad,Sony,8/17/2007,"$33,052,411"
The Reaping,WB,4/5/2007,"$10,025,203"
Rush Hour 2,NL,8/3/2001,"$67,408,222"
Aladdin,BV,11/25/1992,"$19,289,073"
Spy Kids: All the Time in the World,W/Dim.,8/19/2011,"$11,644,672"
Hannibal,MGM,2/9/2001,"$58,003,121"
City Slickers II: The Legend of Curly's Gold,Col.,6/10/1994,"$11,516,375"
Alvin and the Chipmunks: Chipwrecked,Fox,12/16/2011,"$23,244,744"
The Last Samurai,WB,12/5/2003,"$24,271,354"
The Sorcerer's Apprentice,BV,7/14/2010,"$17,619,622"
Wild Wild West,WB,6/30/1999,"$27,687,484"
Hellboy II: The Golden Army,Uni.,7/11/2008,"$34,539,115"
Poetic Justice,Col.,7/23/1993,"$11,728,455"
The Negotiator,WB,7/31/1998,"$10,218,831"
Mulan,BV,6/19/1998,"$22,745,143"
Snow Dogs,BV,1/18/2002,"$17,814,259"
Twilight,Sum.,11/21/2008,"$69,637,740"
Kangaroo Jack,WB,1/17/2003,"$16,580,209"
Curious George,Uni.,2/10/2006,"$14,703,405"
Groundhog Day,Col.,2/12/1993,"$12,517,672"
Planet of the Apes (2001),Fox,7/27/2001,"$68,532,960"
Charlotte's Web (2006),Par.,12/15/2006,"$11,457,353"
Double Jeopardy,Par.,9/24/1999,"$23,162,542"
Home on the Range,BV,4/2/2004,"$13,880,771"
Robin Hood: Prince of Thieves,WB,6/14/1991,"$25,625,602"
Zathura,Sony,11/11/2005,"$13,427,872"
I Now Pronounce You Chuck and Larry,Uni.,7/20/2007,"$34,233,750"
Austin Powers: The Spy Who Shagged Me,NL,6/11/1999,"$54,917,604"
The Social Network,Sony,10/1/2010,"$22,445,653"
Hot Tub Time Machine,MGM,3/26/2010,"$14,020,502"
Raising Helen,BV,5/28/2004,"$10,985,597"
Deep Blue Sea,WB,7/30/1999,"$19,107,643"
Parenthood,Uni.,8/2/1989,"$10,506,450"
The Time Machine,DW,3/8/2002,"$22,610,437"
Guess Who,Sony,3/25/2005,"$20,671,446"
Footloose (2011),Par.,10/14/2011,"$15,556,113"
Up,BV,5/29/2009,"$68,108,790"
A Man Apart,NL,4/4/2003,"$11,019,224"
Freddy Vs. Jason,NL,8/15/2003,"$36,428,066"
The Wedding Date,Uni.,2/4/2005,"$11,129,580"
Scream 3,Dim.,2/4/2000,"$34,713,342"
Aeon Flux,Par.,12/2/2005,"$12,661,112"
Cats &amp; Dogs,WB,7/4/2001,"$21,707,617"
V for Vendetta,WB,3/17/2006,"$25,642,340"
The Wedding Planner,Sony,1/26/2001,"$13,510,293"
Sky High,BV,7/29/2005,"$14,631,784"
Dr. Dolittle 2,Fox,6/22/2001,"$25,037,039"
Toy Story,BV,11/22/1995,"$29,140,617"
Big Fat Liar,Uni.,2/8/2002,"$11,554,015"
"Legally Blonde 2: Red, White and Blonde",MGM,7/2/2003,"$22,220,670"
Scooby-Doo,WB,6/14/2002,"$54,155,312"
Born on the Fourth of July,Uni.,1/5/1990,"$11,023,650"
2 Fast 2 Furious,Uni.,6/6/2003,"$50,472,480"
Backdraft,Uni.,5/24/1991,"$12,686,200"
Diary of a Wimpy Kid: Dog Days,Fox,8/3/2012,"$14,623,599"
This Means War,Fox,2/17/2012,"$17,405,930"
The Proposal,BV,6/19/2009,"$33,627,598"
Mama,Uni.,1/18/2013,"$28,402,310"
The Five-Year Engagement,Uni.,4/27/2012,"$10,610,060"
The Bridges of Madison County,WB,6/2/1995,"$10,519,257"
Disturbia,P/DW,4/13/2007,"$22,224,982"
Anaconda,Sony,4/11/1997,"$16,620,887"
Looper,TriS,9/28/2012,"$20,801,522"
The Uninvited,P/DW,1/30/2009,"$10,325,824"
Mission to Mars,BV,3/10/2000,"$22,855,247"
You Don't Mess with the Zohan,Sony,6/6/2008,"$38,531,374"
Scooby-Doo 2: Monsters Unleashed,WB,3/26/2004,"$29,438,331"
Problem Child,Uni.,7/27/1990,"$10,026,900"
Bringing Down the House,BV,3/7/2003,"$31,101,026"
Transformers: Dark of the Moon,P/DW,6/29/2011,"$97,852,865"
Paranormal Activity,Par.,10/16/2009,"$19,617,650"
The Hangover Part II,WB,5/26/2011,"$85,946,294"
The Firm,Par.,7/2/1993,"$25,400,000"
House at the End of The Street,Rela.,9/21/2012,"$12,287,234"
Here Comes the Boom,Sony,10/12/2012,"$11,816,596"
Pretty Woman,BV,3/23/1990,"$11,280,591"
Universal Soldier,TriS,7/10/1992,"$10,057,084"
Where the Wild Things Are,WB,10/16/2009,"$32,695,407"
The Omen (2006),Fox,6/6/2006,"$16,026,496"
The Brave One,WB,9/14/2007,"$13,471,488"
A Walk to Remember,WB,1/25/2002,"$12,177,488"
Hansel and Gretel: Witch Hunters,Par.,1/25/2013,"$19,690,956"
Indiana Jones and the Temple of Doom,Par.,5/23/1984,"$25,337,110"
What Women Want,Par.,12/15/2000,"$33,614,543"
Dinner for Schmucks,P/DW,7/30/2010,"$23,527,839"
The Princess Diaries 2: Royal Engagement,BV,8/11/2004,"$22,956,453"
The Game,Poly,9/12/1997,"$14,337,029"
Bridget Jones: The Edge of Reason,Uni.,11/19/2004,"$10,044,890"
Once Upon a Time in Mexico,Sony,9/12/2003,"$23,424,118"
Tyler Perry's Why Did I Get Married Too?,LGF,4/2/2010,"$29,289,537"
Ghostbusters,Col.,6/8/1984,"$13,578,151"
Phenomenon,BV,7/5/1996,"$16,158,901"
Evolution,DW,6/8/2001,"$13,408,351"
The Amityville Horror (2005),MGM,4/15/2005,"$23,507,007"
Random Hearts,Sony,10/8/1999,"$13,012,585"
The Bourne Identity,Uni.,6/14/2002,"$27,118,640"
Shanghai Noon,BV,5/26/2000,"$15,607,034"
Signs,BV,8/2/2002,"$60,117,080"
Fighting,Uni.,4/24/2009,"$11,024,370"
Hercules,BV,6/27/1997,"$21,454,451"
A Civil Action,BV,1/8/1999,"$15,163,484"
Jerry Maguire,Sony,12/13/1996,"$17,084,296"
The Core,Par.,3/28/2003,"$12,053,131"
Seven Pounds,Sony,12/19/2008,"$14,851,136"
Forces of Nature,DW,3/19/1999,"$13,510,728"
Dragnet,Uni.,6/26/1987,"$10,542,669"
Romeo Must Die,WB,3/22/2000,"$18,014,503"
The Tuxedo,DW,9/27/2002,"$15,051,028"
Hoodwinked,Wein.,1/13/2006,"$12,401,900"
The Brothers Grimm,Dim.,8/26/2005,"$15,092,079"
Down to Earth,Par.,2/16/2001,"$17,268,883"
Cinderella Man,Uni.,6/3/2005,"$18,320,205"
Teenage Mutant Ninja Turtles III,NL,3/19/1993,"$12,419,597"
Finding Nemo,BV,5/30/2003,"$70,251,710"
Police Academy 2: Their First Assignment,WB,3/29/1985,"$10,675,896"
Alex Cross,Sum.,10/19/2012,"$11,396,768"
Journey to the Center of the Earth,WB (NL),7/11/2008,"$21,018,141"
Michael Clayton,WB,10/12/2007,"$10,373,422"
The Lucky One,WB,4/20/2012,"$22,518,358"
The Haunting,DW,7/23/1999,"$33,435,140"
Stomp the Yard,SGem,1/12/2007,"$21,833,312"
The Three Stooges,Fox,4/13/2012,"$17,010,125"
Rambo: First Blood Part II,TriS,5/22/1985,"$20,176,217"
The Lake House,WB,6/16/2006,"$13,616,196"
Sherlock Holmes,WB,12/25/2009,"$62,304,277"
Little Nicky,NL,11/10/2000,"$16,063,904"
Stuart Little 2,Sony,7/19/2002,"$15,115,152"
Sleepless in Seattle,TriS,6/25/1993,"$17,253,733"
The Dilemma,Uni.,1/14/2011,"$17,816,230"
Harry Potter and the Half-Blood Prince,WB,7/15/2009,"$77,835,727"
Barbershop 2: Back in Business,MGM,2/6/2004,"$24,241,612"
The Lizzie McGuire Movie,BV,5/2/2003,"$17,338,755"
Transporter 2,Fox,9/2/2005,"$16,540,720"
The Bounty Hunter,Sony,3/19/2010,"$20,686,423"
Syriana,WB,12/9/2005,"$11,737,143"
Malibu's Most Wanted,WB,4/18/2003,"$12,618,159"
The Pelican Brief,WB,12/17/1993,"$16,864,404"
The Original Kings of Comedy,Par.,8/18/2000,"$11,053,832"
Gremlins,WB,6/8/1984,"$12,511,634"
Sahara,Par.,4/8/2005,"$18,068,372"
The Twilight Saga: Breaking Dawn Part 2,Sum.,11/16/2012,"$141,067,634"
Joyful Noise,WB,1/13/2012,"$11,225,190"
16 Blocks,WB,3/3/2006,"$11,855,260"
I Am Number Four,BV,2/18/2011,"$19,449,893"
Coraline,Focus,2/6/2009,"$16,849,640"
21,Sony,3/28/2008,"$24,105,943"
Over the Hedge,P/DW,5/19/2006,"$38,457,003"
Far and Away,Uni.,5/22/1992,"$10,194,520"
Tyler Perry's Madea's Family Reunion,LGF,2/24/2006,"$30,030,661"
The Twilight Saga: Breaking Dawn Part 1,Sum.,11/18/2011,"$138,122,261"
Final Destination 5,WB (NL),8/12/2011,"$18,031,396"
Gnomeo and Juliet,BV,2/11/2011,"$25,356,909"
Star Wars: The Clone Wars,WB,8/15/2008,"$14,611,273"
The Possession,LGF,8/31/2012,"$17,732,480"
The Lord of the Rings: The Return of the King,NL,12/17/2003,"$72,629,713"
End of Days,Uni.,11/24/1999,"$20,523,595"
The Guardian,BV,9/29/2006,"$18,006,064"
Michael Jackson's This Is It,Sony,10/28/2009,"$23,234,394"
The Cable Guy,Sony,6/14/1996,"$19,806,226"
The One,SonR,11/2/2001,"$19,112,404"
Lottery Ticket,WB,8/20/2010,"$10,652,297"
The Skeleton Key,Uni.,8/12/2005,"$16,057,945"
Brother Bear,BV,11/1/2003,"$19,404,492"
Friday After Next,NL,11/22/2002,"$13,010,767"
Just Go With It,Sony,2/11/2011,"$30,514,732"
Black Hawk Down,SonR,1/18/2002,"$28,611,736"
He's Just Not That Into You,WB (NL),2/6/2009,"$27,785,487"
The Watch,Fox,7/27/2012,"$12,750,297"
Con Air,BV,6/6/1997,"$24,131,738"
Be Cool,MGM,3/4/2005,"$23,450,212"
Spider-Man 3,Sony,5/4/2007,"$151,116,516"
Jack Reacher,Par.,12/21/2012,"$15,210,156"
True Grit,Par.,12/22/2010,"$24,830,443"
Vanilla Sky,Par.,12/14/2001,"$25,015,518"
The Lost World: Jurassic Park,Uni.,5/23/1997,"$72,132,785"
U-571,Uni.,4/21/2000,"$19,553,310"
Invincible,BV,8/25/2006,"$17,031,122"
Stepmom,Sony,12/25/1998,"$19,142,440"
The Art of War,WB,8/25/2000,"$10,410,993"
Friday Night Lights,Uni.,10/8/2004,"$20,269,025"
The Waterboy,BV,11/6/1998,"$39,414,071"
The Secret Life of Bees,FoxS,10/17/2008,"$10,527,799"
Single White Female,Col.,8/14/1992,"$10,212,401"
Staying Alive,Par.,7/15/1983,"$12,146,143"
Boogeyman,SGem,2/4/2005,"$19,020,655"
Speed 2: Cruise Control,Fox,6/13/1997,"$16,158,942"
As Good as It Gets,Sony,12/25/1997,"$12,606,928"
Back to the Future Part III,Uni.,5/25/1990,"$19,089,645"
Van Helsing,Uni.,5/7/2004,"$51,748,040"
Ace Ventura: When Nature Calls,WB,11/10/1995,"$37,804,076"
Untraceable,SGem,1/25/2008,"$11,354,069"
"Yours, Mine and Ours",Par.,11/23/2005,"$17,461,108"
Presumed Innocent,WB,7/27/1990,"$11,718,981"
The Polar Express,WB,11/10/2004,"$23,323,463"
The Master of Disguise,SonR,8/2/2002,"$12,554,650"
Jungle 2 Jungle,BV,3/7/1997,"$12,812,047"
Ronin,MGM,9/25/1998,"$12,697,641"
Mo' Money,Col.,7/24/1992,"$12,385,415"
Total Recall (2012),Sony,8/3/2012,"$25,577,758"
Sleeping with the Enemy,Fox,2/8/1991,"$13,777,943"
Atlantis: The Lost Empire,BV,6/15/2001,"$20,342,105"
Red Dawn (2012),FD,11/21/2012,"$14,276,668"
Zookeeper,Sony,7/8/2011,"$20,065,617"
Precious: Based on the Novel &quot;Push&quot; by Sapphire,LGF,11/20/2009,"$10,881,772"
Battleship,Uni.,5/18/2012,"$25,534,825"
13 Going on 30,SonR,4/23/2004,"$21,054,283"
Because of Winn-Dixie,Fox,2/18/2005,"$10,208,431"
Flightplan,BV,9/23/2005,"$24,629,938"
Frankenweenie,BV,10/5/2012,"$11,412,213"
Black Sheep,Par.,2/2/1996,"$10,593,609"
Biker Boyz,DW,1/31/2003,"$10,106,992"
Made of Honor,Sony,5/2/2008,"$14,756,850"
Happy Feet Two,WB,11/18/2011,"$21,237,068"
The Bone Collector,Uni.,11/5/1999,"$16,712,020"
Teenage Mutant Ninja Turtles,NL,3/30/1990,"$25,398,367"
Moulin Rouge!,Fox,6/1/2001,"$13,718,306"
The Princess Diaries,BV,8/3/2001,"$22,862,269"
Teenage Mutant Ninja Turtles II,NL,3/22/1991,"$20,030,473"
Unstoppable,Fox,11/12/2010,"$22,688,457"
Madagascar: Escape 2 Africa,P/DW,11/7/2008,"$63,106,589"
Resident Evil: Apocalypse,SGem,9/10/2004,"$23,036,273"
Anastasia,Fox,11/21/1997,"$14,104,933"
The Musketeer,Uni.,9/7/2001,"$10,312,740"
Couples Retreat,Uni.,10/9/2009,"$34,286,740"
The Punisher,Lions,4/16/2004,"$13,834,527"
The Jackal,Uni.,11/14/1997,"$15,164,595"
A Christmas Carol (2009),BV,11/6/2009,"$30,051,075"
War of the Worlds,Par.,6/29/2005,"$64,878,725"
Sleepy Hollow,Par.,11/19/1999,"$30,060,467"
That's My Boy,Sony,6/15/2012,"$13,453,714"
Saw,Lions,10/29/2004,"$18,276,468"
Warm Bodies,Sum.,2/1/2013,"$20,353,967"
The Good Son,Fox,9/24/1993,"$12,520,305"
Natural Born Killers,WB,8/26/1994,"$11,166,687"
Pirates of the Caribbean: Dead Man's Chest,BV,7/7/2006,"$135,634,554"
Mirrors,Fox,8/15/2008,"$11,161,074"
Paranormal Activity 3,Par.,10/21/2011,"$52,568,183"
The Devil's Own,Sony,3/28/1997,"$14,274,503"
Tyler Perry's Diary of a Mad Black Woman,Lions,2/25/2005,"$21,905,089"
Scream 2,Dim.,12/12/1997,"$32,926,342"
The Eye,LGF,2/1/2008,"$12,425,776"
30 Days of Night,Sony,10/19/2007,"$15,951,902"
The Best Little Whorehouse in Texas,Uni.,7/23/1982,"$11,874,268"
"Dude, Where's My Car?",Fox,12/15/2000,"$13,845,914"
Underworld: Rise of the Lycans,SGem,1/23/2009,"$20,828,511"
28 Days,Sony,4/14/2000,"$10,310,672"
Three Men and a Baby,BV,11/25/1987,"$10,384,392"
Balls of Fury,Rog.,8/29/2007,"$11,352,123"
Edge of Darkness,WB,1/29/2010,"$17,214,384"
Battlefield Earth,WB,5/12/2000,"$11,548,898"
How Stella Got Her Groove Back,Fox,8/14/1998,"$11,318,919"
Last Action Hero,Col.,6/18/1993,"$15,338,241"
The Expendables,LGF,8/13/2010,"$34,825,135"
It's Complicated,Uni.,12/25/2009,"$22,100,820"
Valentine's Day,WB,2/12/2010,"$56,260,707"
102 Dalmatians,BV,11/22/2000,"$19,883,351"
Peter Pan,Uni.,12/25/2003,"$11,139,495"
The Score,Par.,7/13/2001,"$19,018,807"
"Crazy, Stupid, Love.",WB,7/29/2011,"$19,104,303"
Never Been Kissed,Fox,4/9/1999,"$11,836,707"
Something Borrowed,WB,5/6/2011,"$13,945,368"
The Rite,WB (NL),1/28/2011,"$14,789,393"
The Birdcage,MGM,3/8/1996,"$18,275,828"
Pokemon: The Movie 2000,WB,7/21/2000,"$19,575,608"
Halloween: H20,Dim.,8/7/1998,"$16,187,724"
Black Knight,Fox,11/21/2001,"$11,102,948"
The Taking of Pelham 1 2 3,Sony,6/12/2009,"$23,373,102"
50 First Dates,Sony,2/13/2004,"$39,852,237"
Showtime,WB,3/15/2002,"$15,011,430"
Prince of Persia: The Sands of Time,BV,5/28/2010,"$30,095,259"
Enchanted,BV,11/21/2007,"$34,440,317"
Paycheck,Par.,12/25/2003,"$13,462,374"
Leatherheads,Uni.,4/4/2008,"$12,682,595"
Practical Magic,WB,10/16/1998,"$13,104,694"
Independence Day,Fox,7/3/1996,"$50,228,264"
Friday the 13th: Final Chapter,Par.,4/13/1984,"$11,183,148"
Freaky Friday,BV,8/6/2003,"$22,203,007"
Small Soldiers,DW,7/10/1998,"$14,047,592"
Apocalypto,BV,12/8/2006,"$15,005,604"
ParaNorman,Focus,8/17/2012,"$14,087,050"
Transformers,P/DW,7/3/2007,"$70,502,384"
Tropic Thunder,P/DW,8/13/2008,"$25,812,796"
Righteous Kill,Over.,9/12/2008,"$16,288,361"
Doctor Dolittle,Fox,6/26/1998,"$29,014,324"
Under Siege 2: Dark Territory,WB,7/14/1995,"$12,624,402"
Rambo III,TriS,5/25/1988,"$13,034,238"
The Amazing Spider-Man,Sony,7/3/2012,"$62,004,688"
Scary Movie 2,Mira.,7/4/2001,"$20,503,356"
The Lincoln Lawyer,LGF,3/18/2011,"$13,206,453"
The Texas Chainsaw Massacre: The Beginning,NL,10/6/2006,"$18,508,228"
Just Married,Fox,1/10/2003,"$17,548,993"
Superman II,WB,,"$14,100,523"
Sister Act,BV,5/29/1992,"$11,894,587"
This Is 40,Uni.,12/21/2012,"$11,579,175"
The Thomas Crown Affair,MGM,8/6/1999,"$14,600,719"
The Family Stone,Fox,12/16/2005,"$12,521,027"
The Prestige,BV,10/20/2006,"$14,801,808"
Bird on a Wire,Uni.,5/18/1990,"$15,338,160"
E.T. (20th Anniversary),Uni.,3/22/2002,"$14,223,110"
The Santa Clause 2,BV,11/1/2002,"$29,008,696"
Breach,Uni.,2/16/2007,"$10,504,990"
Resident Evil: Extinction,SGem,9/21/2007,"$23,678,580"
Instinct,BV,6/4/1999,"$10,390,387"
RV,Sony,4/28/2006,"$16,414,767"
Fame (2009),MGM,9/25/2009,"$10,011,682"
Hairspray (2007),NL,7/20/2007,"$27,476,745"
Year One,Sony,6/19/2009,"$19,610,304"
The Ring Two,DW,3/18/2005,"$35,065,237"
Tim Burton's Corpse Bride,WB,9/23/2005,"$19,145,480"
The SpongeBob SquarePants Movie,Par.,11/19/2004,"$32,018,216"
The Little Rascals,Uni.,8/5/1994,"$10,028,065"
Machete,Fox,9/3/2010,"$11,416,164"
Red Eye,DW,8/19/2005,"$16,167,662"
K-PAX,Uni.,10/26/2001,"$17,215,275"
Letters to Juliet,Sum.,5/14/2010,"$13,540,486"
Arthur Christmas,Sony,11/23/2011,"$12,068,931"
Charlie's Angels: Full Throttle,Sony,6/27/2003,"$37,634,221"
Volcano,Fox,4/25/1997,"$14,581,740"
Next Friday,NL,1/12/2000,"$14,465,156"
"I, Robot",Fox,7/16/2004,"$52,179,887"
Primary Colors,Uni.,3/20/1998,"$12,045,395"
School of Rock,Par.,10/3/2003,"$19,622,714"
In Time,Fox,10/28/2011,"$12,050,368"
Star Trek,Par.,5/8/2009,"$75,204,289"
Predators,Fox,7/9/2010,"$24,760,882"
A Good Day to Die Hard,Fox,2/14/2013,"$24,834,845"
Hollywood Homicide,SonR,6/13/2003,"$11,112,632"
Unlawful Entry,Fox,6/26/1992,"$10,067,609"
Little Man,SonR,7/14/2006,"$21,613,176"
The Empire Strikes Back,Fox,,"$10,840,307"
The Game Plan,BV,9/28/2007,"$22,950,971"
Fantastic Four: Rise of the Silver Surfer,Fox,6/15/2007,"$58,051,684"
The Village,BV,7/30/2004,"$50,746,142"
The Bourne Ultimatum,Uni.,8/3/2007,"$69,283,690"
The Naked Gun 2 1/2: The Smell of Fear,Par.,6/28/1991,"$20,817,139"
No Reservations,WB,7/27/2007,"$11,704,357"
Failure to Launch,Par.,3/10/2006,"$24,411,322"
What a Girl Wants,WB,4/4/2003,"$11,434,964"
Blade II,NL,3/22/2002,"$32,528,016"
The Other Guys,Sony,8/6/2010,"$35,543,162"
Pearl Harbor,BV,5/25/2001,"$59,078,912"
X2: X-Men United,Fox,5/2/2003,"$85,558,731"
The Sixth Sense,BV,8/6/1999,"$26,681,262"
Wild Hogs,BV,3/2/2007,"$39,699,023"
2012,Sony,11/13/2009,"$65,237,614"
Something to Talk About,WB,8/4/1995,"$11,115,697"
Beauty Shop,MGM,3/30/2005,"$12,801,465"
Inspector Gadget,BV,7/23/1999,"$21,889,138"
The Passion of the Christ,NM,2/25/2004,"$83,848,082"
She's the Man,P/DW,3/17/2006,"$10,730,372"
Enemy at the Gates,Par.,3/16/2001,"$13,810,266"
The Roommate,SGem,2/4/2011,"$15,002,635"
Man on Fire,Fox,4/23/2004,"$22,751,490"
9,Focus,9/9/2009,"$10,740,446"
Snakes on a Plane,NL,8/18/2006,"$13,806,311"
Abduction,LGF,9/23/2011,"$10,925,253"
Like Mike,Fox,7/3/2002,"$12,179,420"
The Ladykillers,BV,3/26/2004,"$12,634,563"
New Year's Eve,WB (NL),12/9/2011,"$13,019,180"
The Grey,ORF,1/27/2012,"$19,665,101"
Lethal Weapon 2,WB,7/7/1989,"$20,388,800"
Man of the Year,Uni.,10/13/2006,"$12,299,380"
Anacondas: The Hunt for the Blood Orchid,SGem,8/27/2004,"$12,812,287"
Julie &amp; Julia,Sony,8/7/2009,"$20,027,956"
Glory Road,BV,1/13/2006,"$13,594,734"
Private Parts,Par.,3/7/1997,"$14,616,333"
A Perfect Murder,WB,6/5/1998,"$16,615,704"
The Last Mimzy,NL,3/23/2007,"$10,024,819"
Stargate,MGM,10/28/1994,"$16,651,018"
Fantastic Four,Fox,7/8/2005,"$56,061,504"
Speed Racer,WB,5/9/2008,"$18,561,337"
Sliver,Par.,5/21/1993,"$12,138,283"
Lethal Weapon 3,WB,5/15/1992,"$33,243,086"
Good Boy!,MGM,10/10/2003,"$13,107,022"
Striptease,Sony,6/28/1996,"$12,322,069"
Batman Forever,WB,6/16/1995,"$52,784,433"
Kill Bill Vol. 1,Mira.,10/10/2003,"$22,089,322"
The Lovely Bones,P/DW,1/15/2010,"$17,005,133"
Casper,Uni.,5/26/1995,"$16,840,385"
Seven Years in Tibet,Sony,10/10/1997,"$10,020,378"
Out of Time,MGM,10/3/2003,"$16,185,316"
Role Models,Uni.,11/7/2008,"$19,167,085"
Forgetting Sarah Marshall,Uni.,4/18/2008,"$17,725,330"
Underworld,SGem,9/19/2003,"$21,753,759"
Step Up 2 the Streets,BV,2/14/2008,"$18,908,826"
The Cat in the Hat,Uni.,11/21/2003,"$38,329,160"
Harlem Nights,Par.,11/17/1989,"$16,096,808"
Big Momma's House 2,Fox,1/27/2006,"$27,736,056"
Ali,Sony,12/25/2001,"$14,710,892"
Trouble with the Curve,WB,9/21/2012,"$12,162,040"
The Devil Inside,Par.,1/6/2012,"$33,732,515"
Entrapment,Fox,4/30/1999,"$20,145,595"
Jumanji,Sony,12/15/1995,"$11,084,370"
The Sum of All Fears,Par.,5/31/2002,"$31,178,526"
W.,LGF,10/17/2008,"$10,505,668"
Cocktail,BV,7/29/1988,"$11,789,466"
The Hitchhiker's Guide to the Galaxy,BV,4/29/2005,"$21,103,203"
Law Abiding Citizen,Over.,10/16/2009,"$21,039,502"
Panic Room,Sony,3/29/2002,"$30,056,751"
The Twilight Saga: New Moon,Sum.,11/20/2009,"$142,839,137"
Another 48 HRS.,Par.,6/8/1990,"$19,475,559"
In &amp; Out,Par.,9/19/1997,"$15,019,821"
Think Like a Man,SGem,4/20/2012,"$33,636,303"
Changing Lanes,Par.,4/12/2002,"$17,128,062"
The Cabin in the Woods,LGF,4/13/2012,"$14,743,614"
Uptown Girls,MGM,8/15/2003,"$11,277,367"
Meet the Robinsons,BV,3/30/2007,"$25,123,781"
Saw IV,LGF,10/26/2007,"$31,756,764"
12 Monkeys,Uni.,1/5/1996,"$13,842,990"
Demolition Man,WB,10/8/1993,"$14,262,432"
Harry Potter and the Order of the Phoenix,WB,7/11/2007,"$77,108,414"
Deja Vu,BV,11/22/2006,"$20,574,802"
Are We Done Yet?,SonR,4/4/2007,"$14,262,724"
Cop Out,WB,2/26/2010,"$18,211,126"
Rise of the Planet of the Apes,Fox,8/5/2011,"$54,806,191"
Nanny McPhee,Uni.,1/27/2006,"$14,503,650"
Insidious,FD,4/1/2011,"$13,271,464"
Cloudy with a Chance of Meatballs,Sony,9/18/2009,"$30,304,648"
"The Chronicles of Narnia: The Lion, the Witch and the Wardrobe",BV,12/9/2005,"$65,556,312"
Father of the Bride Part II,BV,12/8/1995,"$11,134,978"
Driven,WB,4/27/2001,"$12,174,504"
The Chronicles of Narnia: Prince Caspian,BV,5/16/2008,"$55,034,805"
Harry Potter and the Prisoner of Azkaban,WB,6/4/2004,"$93,687,367"
The Fighter,Par.,12/17/2010,"$12,135,468"
Racing Stripes,WB,1/14/2005,"$13,920,052"
Observe and Report,WB,4/10/2009,"$11,017,334"
Rising Sun,Fox,7/30/1993,"$15,195,941"
The First Wives Club,Par.,9/20/1996,"$18,913,411"
Sucker Punch,WB,3/25/2011,"$19,058,199"
Mercury Rising,Uni.,4/3/1998,"$10,104,715"
Underworld: Evolution,SGem,1/20/2006,"$26,857,181"
Star Trek: First Contact,Par.,11/22/1996,"$30,716,131"
The Hunchback of Notre Dame,BV,6/21/1996,"$21,037,414"
Harry Potter and the Sorcerer's Stone,WB,11/16/2001,"$90,294,621"
Two Weeks Notice,WB,12/20/2002,"$14,328,494"
Dolphin Tale,WB,9/23/2011,"$19,152,401"
The Faculty,Mira.,12/25/1998,"$11,633,495"
Contraband,Uni.,1/13/2012,"$24,349,815"
Unbreakable,BV,11/22/2000,"$30,330,771"
Unfaithful,Fox,5/10/2002,"$14,065,277"
Monster House,Sony,7/21/2006,"$22,217,226"
Prometheus,Fox,6/8/2012,"$51,050,101"
Windtalkers,MGM,6/14/2002,"$14,520,412"
Mission: Impossible II,Par.,5/24/2000,"$57,845,297"
Ghost Ship,WB,10/25/2002,"$11,503,423"
Catch Me If You Can,DW,12/25/2002,"$30,053,627"
Death Becomes Her,Uni.,7/31/1992,"$12,110,355"
Good Will Hunting,Mira.,1/9/1998,"$10,261,471"
Spy Kids 3D: Game Over,Dim.,7/25/2003,"$33,417,739"
Crimson Tide,BV,5/12/1995,"$18,612,190"
Surrogates,BV,9/25/2009,"$14,902,692"
Piranha 3D,W/Dim.,8/20/2010,"$10,106,872"
The Legend of Zorro,Sony,10/28/2005,"$16,328,506"
The Prince of Egypt,DW,12/18/1998,"$14,524,321"
Divine Secrets of the Ya-Ya Sisterhood,WB,6/7/2002,"$16,167,412"
Coach Carter,Par.,1/14/2005,"$24,182,961"
Savages (2012),Uni.,7/6/2012,"$16,016,910"
WALL-E,BV,6/27/2008,"$63,087,526"
My Girl,Col.,11/27/1991,"$12,391,783"
Lady in the Water,WB,7/21/2006,"$18,044,396"
Hall Pass,WB (NL),2/25/2011,"$13,535,374"
The Mask of Zorro,Sony,7/17/1998,"$22,525,855"
Conan the Barbarian (2011),LGF,8/19/2011,"$10,021,215"
Mickey Blue Eyes,WB,8/20/1999,"$10,178,289"
Mr. Popper's Penguins,Fox,6/17/2011,"$18,445,355"
Fool's Gold,WB,2/8/2008,"$21,589,295"
Every Which Way But Loose,WB,,"$10,272,294"
Bruno,Uni.,7/10/2009,"$30,619,130"
Hot Shots!,Fox,8/2/1991,"$10,848,182"
Alien 3,Fox,5/22/1992,"$19,449,867"
Barnyard: The Original Party Animals,Par.,8/4/2006,"$15,820,864"
Die Hard: With A Vengeance,Fox,5/19/1995,"$22,162,245"
Executive Decision,WB,3/15/1996,"$12,069,780"
Django Unchained,Wein.,12/25/2012,"$30,122,888"
Gone in 60 Seconds,BV,6/9/2000,"$25,336,048"
Monster-in-Law,NL,5/13/2005,"$23,105,133"
The Tourist,Sony,12/10/2010,"$16,472,458"
Zombieland,Sony,10/2/2009,"$24,733,155"
The Fifth Element,Sony,5/9/1997,"$17,031,345"
Walk the Line,Fox,11/18/2005,"$22,347,341"
Eraser,WB,6/21/1996,"$24,566,446"
Kiss of the Dragon,Fox,7/6/2001,"$13,304,027"
Resident Evil: Afterlife,SGem,9/10/2010,"$26,650,264"
Broken Arrow (1996),Fox,2/9/1996,"$15,583,510"
Tower Heist,Uni.,11/4/2011,"$24,025,190"
Constantine,WB,2/18/2005,"$29,769,098"
High Crimes,Fox,4/5/2002,"$14,005,550"
Minority Report,Fox,6/21/2002,"$35,677,125"
The Distinguished Gentleman,BV,12/4/1992,"$10,611,040"
Road to Perdition,DW,7/12/2002,"$22,079,481"
Watchmen,WB,3/6/2009,"$55,214,334"
Spider-Man,Sony,5/3/2002,"$114,844,116"
Herbie: Fully Loaded,BV,6/22/2005,"$12,709,221"
Mighty Morphin' Power Rangers,Fox,6/30/1995,"$13,104,788"
Must Love Dogs,WB,7/29/2005,"$12,855,321"
Legion (2010),SGem,1/22/2010,"$17,501,625"
Legally Blonde,MGM,7/13/2001,"$20,377,426"
Message in a Bottle,WB,2/12/1999,"$16,751,560"
Kicking and Screaming,Uni.,5/13/2005,"$20,159,925"
Cars,BV,6/9/2006,"$60,119,509"
The Last Exorcism,LGF,8/27/2010,"$20,366,613"
The Others,Mira.,8/10/2001,"$14,089,952"
Breakdown,Par.,5/2/1997,"$12,307,128"
The Rundown,Uni.,9/26/2003,"$18,553,765"
The X-Files,Fox,6/19/1998,"$30,138,758"
Behind Enemy Lines,Fox,11/30/2001,"$18,736,133"
The Karate Kid Part III,Col.,6/30/1989,"$10,364,544"
Red Tails,Fox,1/20/2012,"$18,782,154"
What Lies Beneath,DW,7/21/2000,"$29,702,959"
Hard Target,Uni.,8/20/1993,"$10,106,500"
The League of Extraordinary Gentlemen,Fox,7/11/2003,"$23,075,892"
Mighty Joe Young,BV,12/25/1998,"$10,602,042"
Cats &amp; Dogs: The Revenge of Kitty Galore,WB,7/30/2010,"$12,279,363"
Saving Private Ryan,DW,7/24/1998,"$30,576,104"
Jumping the Broom,TriS,5/6/2011,"$15,215,487"
Drillbit Taylor,Par.,3/21/2008,"$10,309,986"
Flushed Away,P/DW,11/3/2006,"$18,814,323"
Fever Pitch,Fox,4/8/2005,"$12,400,125"
Accepted,Uni.,8/18/2006,"$10,023,835"
The Adjustment Bureau,Uni.,3/4/2011,"$21,157,730"
Eight Below,BV,2/17/2006,"$20,188,176"
Mean Girls,Par.,4/30/2004,"$24,432,195"
Mystic River,WB,10/17/2003,"$10,445,547"
Ghost,Par.,7/13/1990,"$12,191,540"
Michael,NL,12/25/1996,"$17,435,711"
The Legend of Bagger Vance,DW,11/3/2000,"$11,516,712"
Tyler Perry's Madea's Big Happy Family,LGF,4/22/2011,"$25,068,677"
The X-Files: I Want to Believe,Fox,7/25/2008,"$10,021,753"
Cobra,WB,5/23/1986,"$12,653,032"
Spider-Man 2,Sony,6/30/2004,"$88,156,227"
Judge Dredd,BV,6/30/1995,"$12,291,536"
Donnie Brasco,Sony,2/28/1997,"$11,660,216"
Miami Vice,Uni.,7/28/2006,"$25,723,815"
Radio,SonR,10/24/2003,"$13,303,724"
Dreamgirls,P/DW,12/25/2006,"$14,100,050"
Deck the Halls,Fox,11/22/2006,"$12,001,256"
End of Watch,ORF,9/21/2012,"$13,152,683"
Indecent Proposal,Par.,4/9/1993,"$18,387,632"
Pocahontas,BV,6/23/1995,"$29,531,619"
Step Up,BV,8/11/2006,"$20,659,573"
Million Dollar Baby,WB,1/28/2005,"$12,265,482"
Diary of a Wimpy Kid: Rodrick Rules,Fox,3/25/2011,"$23,751,502"
17 Again,WB (NL),4/17/2009,"$23,722,310"
J. Edgar,WB,11/11/2011,"$11,217,324"
The Green Mile,WB,12/10/1999,"$18,017,152"
Saw 3D,LGF,10/29/2010,"$22,530,123"
Wall Street: Money Never Sleeps,Fox,9/24/2010,"$19,011,188"
Hide and Seek,Fox,1/28/2005,"$21,959,233"
Zero Dark Thirty,Sony,1/11/2013,"$24,438,936"
Abraham Lincoln: Vampire Hunter,Fox,6/22/2012,"$16,306,974"
Green Lantern,WB,6/17/2011,"$53,174,303"
Varsity Blues,Par.,1/15/1999,"$15,204,148"
Star Wars: Episode II - Attack of the Clones,Fox,5/16/2002,"$80,027,814"
Master and Commander: The Far Side of the World,Fox,11/14/2003,"$25,105,990"
Star Trek V: The Final Frontier,Par.,6/9/1989,"$17,375,648"
Duplicity,Uni.,3/20/2009,"$13,965,110"
Queen of the Damned,WB,2/22/2002,"$14,757,535"
The Sisterhood of the Traveling Pants 2,WB,8/6/2008,"$10,678,430"
Eyes Wide Shut,WB,7/16/1999,"$21,706,163"
Alice in Wonderland (2010),BV,3/5/2010,"$116,101,023"
The Haunting in Connecticut,LGF,3/27/2009,"$23,004,765"
Larry Crowne,Uni.,7/1/2011,"$13,096,065"
DodgeBall: A True Underdog Story,Fox,6/18/2004,"$30,070,196"
The Scorpion King,Uni.,4/19/2002,"$36,075,875"
Wanted,Uni.,6/27/2008,"$50,927,085"
Rat Race,Par.,8/17/2001,"$11,662,094"
Norbit,P/DW,2/9/2007,"$34,195,434"
The Rainmaker (1997),Par.,11/21/1997,"$10,626,507"
The Rugrats Movie,Par.,11/20/1998,"$27,321,470"
What to Expect When You're Expecting,LGF,5/18/2012,"$10,547,068"
Along Came a Spider,Par.,4/6/2001,"$16,712,407"
Bandits,MGM,10/12/2001,"$13,050,700"
The Fugitive,WB,8/6/1993,"$23,758,855"
Body of Lies,WB,10/10/2008,"$12,884,416"
Cruel Intentions,Sony,3/5/1999,"$13,020,565"
Race to Witch Mountain,BV,3/13/2009,"$24,402,214"
The Last House on the Left (2009),Uni.,3/13/2009,"$14,118,685"
Star Wars: Episode I - The Phantom Menace (in 3D),Fox,2/10/2012,"$22,469,932"
Star Trek: Insurrection,Par.,12/11/1998,"$22,052,836"
Star Trek: Generations,Par.,11/18/1994,"$23,116,394"
The Stepfather (2009),SGem,10/16/2009,"$11,581,586"
The Pink Panther (2006),Sony,2/10/2006,"$20,220,412"
Fight Club,Fox,10/15/1999,"$11,035,485"
Due Date,WB,11/5/2010,"$32,689,406"
National Treasure,BV,11/19/2004,"$35,142,554"
Misery,Col.,11/30/1990,"$10,076,834"
Saw VI,LGF,10/23/2009,"$14,118,444"
Reign of Fire,BV,7/12/2002,"$15,632,281"
The American,Focus,9/1/2010,"$13,177,790"
The Man in the Iron Mask,MGM,3/13/1998,"$17,271,450"
Mortal Kombat,NL,8/18/1995,"$23,283,887"
Underworld Awakening,SGem,1/20/2012,"$25,306,725"
Knocked Up,Uni.,6/1/2007,"$30,690,990"
Proof of Life,WB,12/8/2000,"$10,207,869"
"Six Days, Seven Nights",BV,6/12/1998,"$16,485,276"
I Still Know What You Did Last Summer,Sony,11/13/1998,"$16,520,038"
The Rock,BV,6/7/1996,"$25,069,525"
The Road to El Dorado,DW,3/31/2000,"$12,846,652"
Take the Lead,NL,4/7/2006,"$12,051,277"
The Princess and the Frog,BV,12/11/2009,"$24,208,916"
ATL,WB,3/31/2006,"$11,554,404"
The Patriot,Sony,6/28/2000,"$22,413,710"
Vertical Limit,Sony,12/8/2000,"$15,507,845"
I Know What You Did Last Summer,Sony,10/17/1997,"$15,818,645"
"Honey, I Shrunk the Kids",BV,6/23/1989,"$14,262,961"
In the Line of Fire,Col.,7/9/1993,"$15,269,388"
The Manchurian Candidate,Par.,7/30/2004,"$20,018,620"
Safe Haven,Rela.,2/14/2013,"$21,401,594"
Shrek 2,DW,5/19/2004,"$108,037,878"
Traffic,USA,1/5/2001,"$15,517,549"
Elizabethtown,Par.,10/14/2005,"$10,618,711"
Get Rich or Die Tryin',Par.,11/9/2005,"$12,020,807"
From Dusk Till Dawn,Mira.,1/19/1996,"$10,240,805"
Paul,Uni.,3/18/2011,"$13,043,310"
Identity Thief,Uni.,2/8/2013,"$34,551,025"
The Departed,WB,10/6/2006,"$26,887,467"
S.W.A.T.,Sony,8/8/2003,"$37,062,535"
The Hobbit: An Unexpected Journey,WB,12/14/2012,"$84,617,303"
Predator,Fox,6/12/1987,"$12,031,638"
Mr. Brooks,MGM,6/1/2007,"$10,017,067"
Bring It On,Uni.,8/25/2000,"$17,362,105"
Knight &amp; Day,Fox,6/23/2010,"$20,139,985"
Dan in Real Life,BV,10/26/2007,"$11,809,445"
Soul Food,Fox,9/26/1997,"$11,197,897"
Contagion,WB,9/9/2011,"$22,403,596"
The Haunted Mansion,BV,11/26/2003,"$24,278,410"
Rambo,LGF,1/25/2008,"$18,203,876"
The Holiday,Sony,12/8/2006,"$12,778,913"
The Muppets,BV,11/23/2011,"$29,239,026"
Total Recall,Sony,6/1/1990,"$25,533,700"
The Living Daylights,UA,7/31/1987,"$11,051,284"
Four Christmases,WB (NL),11/26/2008,"$31,069,826"
The Beach,Fox,2/11/2000,"$15,277,921"
Mystery Men,Uni.,8/6/1999,"$10,017,865"
Fred Claus,WB,11/9/2007,"$18,515,473"
Clash of the Titans (2010),WB,4/2/2010,"$61,235,105"
Tyler Perry's I Can Do Bad All By Myself,LGF,9/11/2009,"$23,446,785"
Spy Kids 2: The Island of Lost Dreams,Dim.,8/7/2002,"$16,711,716"
The Crow,Mira.,5/13/1994,"$11,774,332"
The Last Song,BV,3/31/2010,"$16,007,426"
Jonas Brothers: The 3D Concert Experience,BV,2/27/2009,"$12,510,374"
Justin Bieber: Never Say Never,Par.,2/11/2011,"$29,514,054"
A Few Good Men,Col.,12/11/1992,"$15,517,468"
The Town,WB,9/17/2010,"$23,808,032"
The Smurfs,Sony,7/29/2011,"$35,611,637"
Tears of the Sun,SonR,3/7/2003,"$17,057,213"
Taken,Fox,1/30/2009,"$24,717,037"
Selena,WB,3/21/1997,"$11,615,722"
Wallace and Gromit: The Curse of the Were-Rabbit,DW,10/7/2005,"$16,025,987"
Blow,NL,4/6/2001,"$12,443,461"
Act of Valor,Rela.,2/24/2012,"$24,476,632"
Face/Off,Par.,6/27/1997,"$23,387,530"
Mona Lisa Smile,SonR,12/19/2003,"$11,528,498"
White Men Can't Jump,Fox,3/27/1992,"$14,711,124"
Pirates of the Caribbean: On Stranger Tides,BV,5/20/2011,"$90,151,958"
Hostage,Mira.,3/11/2005,"$10,214,734"
Unleashed,Rog.,5/13/2005,"$10,900,901"
Seabiscuit,Uni.,7/25/2003,"$20,854,735"
Blade: Trinity,NL,12/8/2004,"$16,061,271"
Marmaduke,Fox,6/4/2010,"$11,599,661"
Payback,Par.,2/5/1999,"$21,221,526"
The Hunt for Red October,Par.,3/2/1990,"$17,161,835"
Coyote Ugly,BV,8/4/2000,"$17,319,282"
Hollow Man,Sony,8/4/2000,"$26,414,386"
Notorious (2009),FoxS,1/16/2009,"$20,497,596"
Charlie and the Chocolate Factory,WB,7/15/2005,"$56,178,450"
The Change-Up,Uni.,8/5/2011,"$13,531,115"
Fast Five,Uni.,4/29/2011,"$86,198,765"
"Honey, I Blew Up the Kid",BV,7/17/1992,"$11,083,318"
Saw V,LGF,10/24/2008,"$30,053,954"
Agent Cody Banks,MGM,3/14/2003,"$14,064,317"
Gridiron Gang,Sony,9/15/2006,"$14,414,630"
The Fog (2005),SonR,10/14/2005,"$11,752,917"
Flatliners,Col.,8/10/1990,"$10,034,685"
Jackass 3-D,Par.,10/15/2010,"$50,353,641"
You've Got Mail,WB,12/18/1998,"$18,426,749"
The Client,WB,7/22/1994,"$17,174,262"
The Bourne Supremacy,Uni.,7/23/2004,"$52,521,865"
Lincoln,BV,11/16/2012,"$21,049,406"
Flags of Our Fathers,P/DW,10/20/2006,"$10,245,190"
Scream 4,W/Dim.,4/15/2011,"$18,692,090"
Snow Day,Par.,2/11/2000,"$14,331,819"
Mission: Impossible - Ghost Protocol,Par.,12/21/2011,"$29,556,629"
Dumb and Dumber,NL,12/16/1994,"$16,363,442"
Fun with Dick and Jane,Sony,12/21/2005,"$14,383,515"
Garfield: The Movie,Fox,6/11/2004,"$21,727,611"
Waterworld,Uni.,7/28/1995,"$21,171,780"
The Last of the Mohicans,Fox,9/25/1992,"$10,976,661"
Shooter,Par.,3/23/2007,"$14,523,571"
All About Steve,Fox,9/4/2009,"$11,241,214"
Australia,Fox,11/26/2008,"$14,800,723"
Miss Congeniality 2: Armed and Fabulous,WB,3/24/2005,"$14,043,215"
The Exorcism of Emily Rose,SGem,9/9/2005,"$30,054,300"
Ocean's Eleven,WB,12/7/2001,"$38,107,822"
Bowfinger,Uni.,8/13/1999,"$18,062,550"
Eat Pray Love,Sony,8/13/2010,"$23,104,523"
Crank,LGF,9/1/2006,"$10,457,367"
Public Enemies,Uni.,7/1/2009,"$25,271,675"
Night at the Museum,Fox,12/22/2006,"$30,433,781"
Titanic 3D,Par.,4/4/2012,"$17,285,453"
The Addams Family,Par.,11/22/1991,"$24,203,754"
Nothing to Lose,BV,7/18/1997,"$11,617,767"
Hope Floats,Fox,5/29/1998,"$14,210,464"
Zoolander,Par.,9/28/2001,"$15,525,043"
Snake Eyes,Par.,8/7/1998,"$16,310,373"
Robocop 2,Orion,6/22/1990,"$14,145,411"
Without a Paddle,Par.,8/20/2004,"$13,528,946"
Space Jam,WB,11/15/1996,"$27,528,529"
Halloween: Resurrection,Dim.,7/12/2002,"$12,292,121"
Someone Like You,Fox,3/30/2001,"$10,010,600"
First Knight,Sony,7/7/1995,"$10,856,442"
Brooklyn's Finest,Over.,3/5/2010,"$13,350,299"
The Golden Compass,NL,12/7/2007,"$25,783,232"
Eragon,Fox,12/15/2006,"$23,239,907"
The Ides of March,Sony,10/7/2011,"$10,470,143"
Star Trek III: The Search for Spock,Par.,6/1/1984,"$16,673,295"
Jaws 3-D,Uni.,7/22/1983,"$13,422,500"
Catwoman,WB,7/23/2004,"$16,728,411"
The Fourth Kind,Uni.,11/6/2009,"$12,231,160"
X-Men: The Last Stand,Fox,5/26/2006,"$102,750,665"
The Replacements,WB,8/11/2000,"$11,039,214"
The Messengers,SGem,2/2/2007,"$14,713,321"
Lilo &amp; Stitch,BV,6/21/2002,"$35,260,212"
Taxi,Fox,10/6/2004,"$12,029,832"
Remember the Titans,BV,9/29/2000,"$20,905,831"
30 Minutes or Less,Sony,8/12/2011,"$13,330,118"
Project X,WB,3/2/2012,"$21,051,363"
Clockstoppers,Par.,3/29/2002,"$10,108,333"
Smokey and the Bandit II,Uni.,,"$10,883,835"
Jumper,Fox,2/14/2008,"$27,354,808"
Super 8,Par.,6/10/2011,"$35,451,168"
Ghost Rider: Spirit of Vengeance,Sony,2/17/2012,"$22,115,334"
Limitless,Rela.,3/18/2011,"$18,907,302"
District 9,TriS,8/14/2009,"$37,354,308"
Hope Springs,Sony,8/8/2012,"$14,650,121"
The Cell,NL,8/18/2000,"$17,515,050"
Sweet Home Alabama,BV,9/27/2002,"$35,648,740"
The Ugly Truth,Sony,7/24/2009,"$27,605,576"
Ace Ventura: Pet Detective,WB,2/4/1994,"$12,115,105"
Wayne's World 2,Par.,12/10/1993,"$13,516,699"
Paranormal Activity 4,Par.,10/19/2012,"$29,003,866"
SwimFan,Fox,9/6/2002,"$11,326,601"
Welcome Home Roscoe Jenkins,Uni.,2/8/2008,"$16,207,730"
The Whole Nine Yards,WB,2/18/2000,"$13,731,070"
Push,Sum.,2/6/2009,"$10,079,109"
World Trade Center,Par.,8/9/2006,"$18,730,762"
Crossroads,Par.,2/15/2002,"$14,527,187"
Jingle All the Way,Fox,11/22/1996,"$12,112,267"
Sphere,WB,2/13/1998,"$14,433,957"
Ocean's Twelve,WB,12/10/2004,"$39,153,380"
Tooth Fairy,Fox,1/22/2010,"$14,010,409"
John Q.,NL,2/15/2002,"$20,275,194"
King Kong,Uni.,12/14/2005,"$50,130,145"
The Italian Job,Par.,5/30/2003,"$19,457,944"
Bad News Bears,Par.,7/22/2005,"$11,382,472"
Spawn,NL,8/1/1997,"$19,738,749"
Ted,Uni.,6/29/2012,"$54,415,205"
Hitman,Fox,11/21/2007,"$13,180,769"
Basic,Sony,3/28/2003,"$11,511,960"
Life,Uni.,4/16/1999,"$20,414,775"
The Adventures of Sharkboy and Lavagirl in 3D,Dim.,6/10/2005,"$12,582,088"
The Devil's Advocate,WB,10/17/1997,"$12,170,536"
The Parent Trap,BV,7/31/1998,"$11,148,497"
The Untouchables,Par.,6/5/1987,"$10,023,094"
Dance Flick,Par.,5/22/2009,"$10,643,536"
Cars 2,BV,6/24/2011,"$66,135,507"
Dr. Seuss' The Lorax,Uni.,3/2/2012,"$70,217,070"
Legend of the Guardians: The Owls of Ga'Hoole,WB,9/24/2010,"$16,112,211"
Boyz N the Hood,Col.,7/12/1991,"$10,023,462"
Dark Shadows,WB,5/11/2012,"$29,685,274"
The Dark Knight,WB,7/18/2008,"$158,411,483"
D2: The Mighty Ducks,BV,3/25/1994,"$10,356,748"
Tyler Perry's The Family That Preys,LGF,9/12/2008,"$17,381,218"
Chronicle (2012),Fox,2/3/2012,"$22,004,098"
Dear John,SGem,2/5/2010,"$30,468,614"
"South Park - Bigger, Longer and Uncut",Par.,6/30/1999,"$11,335,889"
Stigmata,MGM,9/10/1999,"$18,309,666"
Nine Months,Fox,7/14/1995,"$12,522,240"
The Da Vinci Code,Sony,5/19/2006,"$77,073,388"
Prom Night (2008),SGem,4/11/2008,"$20,804,941"
Superman III,WB,6/17/1983,"$13,352,357"
Analyze That,WB,12/6/2002,"$11,034,422"
Source Code,Sum.,4/1/2011,"$14,812,094"
She's All That,Mira.,1/29/1999,"$16,065,430"
Because I Said So,Uni.,2/2/2007,"$13,122,865"
Along Came Polly,Uni.,1/16/2004,"$27,721,185"
Harry Potter and the Goblet of Fire,WB,11/18/2005,"$102,685,961"
Liar Liar,Uni.,3/21/1997,"$31,423,025"
Shallow Hal,Fox,11/9/2001,"$22,518,295"
Bedtime Stories,BV,12/25/2008,"$27,450,296"
Star Wars: Episode I - The Phantom Menace,Fox,5/19/1999,"$64,820,970"
Pitch Black,USA,2/18/2000,"$11,577,688"
Conspiracy Theory,WB,8/8/1997,"$19,313,566"
A Bug's Life,BV,11/27/1998,"$33,258,052"
Kick-Ass,LGF,4/16/2010,"$19,828,687"
Jay and Silent Bob Strike Back,Mira.,8/24/2001,"$11,018,543"
Knowing,Sum.,3/20/2009,"$24,604,751"
Mary Shelley's Frankenstein,Sony,11/4/1994,"$11,212,889"
Date Movie,Fox,2/17/2006,"$19,076,261"
The Devil Wears Prada,Fox,6/30/2006,"$27,537,244"
Four Brothers,Par.,8/12/2005,"$21,176,925"
Get Shorty,MGM,10/20/1995,"$12,700,007"
Firewall,WB,2/10/2006,"$13,635,463"
The Shaggy Dog,BV,3/10/2006,"$16,310,058"
A League of Their Own,Sony,7/1/1992,"$13,739,456"
Resident Evil,SGem,3/15/2002,"$17,707,106"
Alien Resurrection,Fox,11/26/1997,"$16,474,092"
Ghosts of Girlfriends Past,WB (NL),5/1/2009,"$15,411,434"
Quarantine,SGem,10/10/2008,"$14,211,321"
Intolerable Cruelty,Uni.,10/10/2003,"$12,525,075"
You Got Served,SGem,1/30/2004,"$16,123,105"
Men in Black,Sony,7/2/1997,"$51,068,455"
Training Day,WB,10/5/2001,"$22,550,788"
Journey 2: The Mysterious Island,WB,2/10/2012,"$27,335,363"
Return of the Jedi (Special Edition),Fox,3/14/1997,"$16,293,531"
Disclosure,WB,12/9/1994,"$10,068,126"
Yes Man,WB,12/19/2008,"$18,262,471"
Runaway Jury,Fox,10/17/2003,"$11,836,705"
Escape From Planet Earth,Wein.,2/15/2013,"$15,891,055"
Team America: World Police,Par.,10/15/2004,"$12,120,358"
When a Stranger Calls,SGem,2/3/2006,"$21,607,203"
X-Men Origins: Wolverine,Fox,5/1/2009,"$85,058,003"
Zack and Miri Make a Porno,Wein.,10/31/2008,"$10,065,630"
My Best Friend's Wedding,Sony,6/20/1997,"$21,678,377"
Rocky IV,UA,11/27/1985,"$19,991,537"
The Informant!,WB,9/18/2009,"$10,464,314"
The Net,Sony,7/28/1995,"$10,037,745"
Iron Man,Par.,5/2/2008,"$98,618,668"
Bram Stoker's Dracula,Col.,11/13/1992,"$30,521,679"
All About the Benjamins,NL,3/8/2002,"$10,007,291"
Cop Land,Mira.,8/15/1997,"$13,510,482"
Get Smart,WB,6/20/2008,"$38,683,480"
Freddy's Dead: The Final Nightmare,NL,9/13/1991,"$12,966,525"
X-Men: First Class,Fox,6/3/2011,"$55,101,604"
The Siege,Fox,11/6/1998,"$13,931,285"
Shaft,Par.,6/16/2000,"$21,714,757"
Christmas Vacation,WB,12/1/1989,"$11,750,203"
101 Dalmatians (1996),BV,11/27/1996,"$33,504,025"
Diary of a Wimpy Kid,Fox,3/19/2010,"$22,126,166"
The 6th Day,Sony,11/17/2000,"$13,020,883"
America's Sweethearts,SonR,7/20/2001,"$30,181,877"
Juno,FoxS,12/25/2007,"$10,634,576"
Maverick,WB,5/20/1994,"$17,248,545"
MIB 3,Sony,5/25/2012,"$54,592,779"
Dante's Peak,Uni.,2/7/1997,"$18,479,435"
Sex and the City,WB (NL),5/30/2008,"$57,038,404"
The Butterfly Effect,NL,1/23/2004,"$17,065,227"
Home Alone 2: Lost in New York,Fox,11/20/1992,"$31,126,882"
Hot Shots! Part Deux,Fox,5/21/1993,"$10,250,661"
Bridesmaids,Uni.,5/13/2011,"$26,247,410"
Nacho Libre,Par.,6/16/2006,"$28,309,599"
Scrooged,Par.,11/23/1988,"$13,027,842"
Bedazzled (2000),Fox,10/20/2000,"$13,106,526"
Star Trek IV: The Voyage Home,Par.,11/26/1986,"$16,881,888"
A View to a Kill,MGM,5/24/1985,"$10,687,114"
Ninja Assassin,WB,11/25/2009,"$13,316,158"
Collateral Damage,WB,2/8/2002,"$15,058,432"
Undercover Brother,Uni.,5/31/2002,"$12,037,685"
Meet the Spartans,Fox,1/25/2008,"$18,505,530"
Harry Potter and the Deathly Hallows Part 2,WB,7/15/2011,"$169,189,427"
Three Men and a Little Lady,BV,11/21/1990,"$13,774,642"
The Mummy Returns,Uni.,5/4/2001,"$68,139,035"
I Spy,Sony,11/1/2002,"$12,752,803"
Arthur (2011),WB,4/8/2011,"$12,222,756"
Elektra,Fox,1/14/2005,"$12,804,793"
Flubber,BV,11/26/1997,"$26,725,207"
3:10 to Yuma (2007),LGF,9/7/2007,"$14,035,033"
Identity,Sony,4/25/2003,"$16,225,263"
The Grudge 2,Sony,10/13/2006,"$20,825,300"
Transformers: Revenge of the Fallen,P/DW,6/24/2009,"$108,966,307"
Orange County,Par.,1/11/2002,"$15,053,226"
European Vacation,WB,7/26/1985,"$12,329,627"
Addams Family Values,Par.,11/19/1993,"$14,117,545"
The Incredible Hulk,Uni.,6/13/2008,"$55,414,050"
Elf,NL,11/7/2003,"$31,113,501"
Avatar,Fox,12/18/2009,"$77,025,481"
Tyler Perry's Madea's Witness Protection,LGF,6/29/2012,"$25,390,575"
The Terminal,DW,6/18/2004,"$19,053,199"
Passenger 57,WB,11/6/1992,"$10,513,925"
Basic Instinct,TriS,3/20/1992,"$15,129,385"
Step Up 3-D,BV,8/6/2010,"$15,812,311"
The Expendables 2,LGF,8/17/2012,"$28,591,370"
Rugrats in Paris: The Movie,Par.,11/17/2000,"$22,718,184"
Don't Say a Word,Fox,9/28/2001,"$17,090,474"
For Love of the Game,Uni.,9/17/1999,"$13,041,685"
Book of Shadows: Blair Witch 2,Art.,10/27/2000,"$13,223,887"
Star Trek VI: The Undiscovered Country,Par.,12/6/1991,"$18,162,837"
The Three Musketeers (1993),BV,11/12/1993,"$10,621,992"
Beverly Hills Cop II,Par.,5/20/1987,"$26,348,555"
The A-Team,Fox,6/11/2010,"$25,669,455"
Indiana Jones and the Last Crusade,Par.,5/24/1989,"$29,355,021"
Bad Teacher,Sony,6/24/2011,"$31,603,106"
Green Zone,Uni.,3/12/2010,"$14,309,295"
Any Given Sunday,WB,12/22/1999,"$13,584,625"
Grease (Re-issue),Par.,3/27/1998,"$12,705,463"
The Jungle Book 2,BV,2/14/2003,"$11,441,733"
The Texas Chainsaw Massacre,NL,10/17/2003,"$28,094,014"
Tarzan,BV,6/16/1999,"$34,221,968"
8MM,Sony,2/26/1999,"$14,252,888"
Fast and Furious,Uni.,4/3/2009,"$70,950,500"
Big Momma's House,Fox,6/2/2000,"$25,661,041"
Funny People,Uni.,7/31/2009,"$22,657,780"
The Green Hornet,Sony,1/14/2011,"$33,526,876"
Pineapple Express,Sony,8/6/2008,"$23,245,025"
Argo,WB,10/12/2012,"$19,458,109"
Ransom,BV,11/8/1996,"$34,216,088"
Who Framed Roger Rabbit,BV,6/24/1988,"$11,226,239"
Wolf,Col.,6/17/1994,"$17,911,366"
Sky Captain and the World of Tomorrow,Par.,9/17/2004,"$15,580,278"
Horrible Bosses,WB (NL),7/8/2011,"$28,302,165"
A Nightmare on Elm Street (2010),WB (NL),4/30/2010,"$32,902,299"
E.T.: The Extra-Terrestrial,Uni.,6/11/1982,"$11,835,389"
The Mirror Has Two Faces,Sony,11/15/1996,"$12,210,868"
City of Angels,WB,4/10/1998,"$15,369,048"
Beauty and the Beast (3D),BV,1/13/2012,"$17,751,905"
Back to the Future Part II,Uni.,11/22/1989,"$27,835,125"
In Good Company,Uni.,1/14/2005,"$14,289,750"
Up Close and Personal,BV,3/1/1996,"$11,101,955"
Iron Man 2,Par.,5/7/2010,"$128,122,480"
Turner &amp; Hooch,BV,7/28/1989,"$12,211,042"
Autumn in New York,MGM,8/11/2000,"$10,987,006"
Perfect Stranger,SonR,4/13/2007,"$11,206,163"
Rise of the Guardians,P/DW,11/21/2012,"$23,773,465"
Pitch Perfect,Uni.,10/5/2012,"$14,846,830"
Head of State,DW,3/28/2003,"$13,503,484"
Back to the Future,Uni.,7/3/1985,"$11,152,500"
Starsky and Hutch,WB,3/5/2004,"$28,103,367"
Bill and Ted's Bogus Journey,Orion,7/19/1991,"$10,241,268"
Valentine,WB,2/2/2001,"$10,024,648"
The Bucket List,WB,1/11/2008,"$19,392,416"
Nim's Island,Fox,4/4/2008,"$13,210,579"
Days of Thunder,Par.,6/29/1990,"$15,490,445"
Night at the Museum: Battle of the Smithsonian,Fox,5/22/2009,"$54,173,286"
Star Trek II: The Wrath of Khan,Par.,6/4/1982,"$14,347,221"
Kingdom of Heaven,Fox,5/6/2005,"$19,635,996"
Open Season,Sony,9/29/2006,"$23,624,548"
Derailed,Wein.,11/11/2005,"$12,211,986"
Planet 51,Sony,11/20/2009,"$12,286,129"
Jurassic Park III,Uni.,7/18/2001,"$50,771,645"
Burn After Reading,Focus,9/12/2008,"$19,128,001"
The Notebook,NL,6/25/2004,"$13,464,745"
Stick It,BV,4/28/2006,"$10,803,610"
Bridge to Terabithia,BV,2/16/2007,"$22,564,612"
Dragonfly,Uni.,2/22/2002,"$10,216,025"
Marvel's The Avengers,BV,5/4/2012,"$207,438,708"
Music and Lyrics,WB,2/14/2007,"$13,623,630"
The Specialist,WB,10/7/1994,"$14,317,765"
The Cannonball Run,Fox,,"$11,765,654"
Cradle 2 the Grave,WB,2/28/2003,"$16,521,468"
Hotel for Dogs,P/DW,1/16/2009,"$17,012,212"
Marley and Me,Fox,12/25/2008,"$36,357,586"
Mirror Mirror,Rela.,3/30/2012,"$18,132,085"
15 Minutes,NL,3/9/2001,"$10,523,154"
The River Wild,Uni.,9/30/1994,"$10,214,450"
Enemy of the State,BV,11/20/1998,"$20,038,573"
Are We There Yet?,SonR,1/21/2005,"$18,575,214"
"Good Morning, Vietnam ",BV,1/15/1988,"$11,752,913"
Shutter,Fox,3/21/2008,"$10,447,559"
Wrath of the Titans,WB,3/30/2012,"$33,457,188"
Return to Never Land,BV,2/15/2002,"$11,889,631"
Bad Company,BV,6/7/2002,"$11,007,367"
Dick Tracy,BV,6/15/1990,"$22,543,911"
"You, Me and Dupree",Uni.,7/14/2006,"$21,525,560"
Alexander,WB,11/24/2004,"$13,687,087"
No Strings Attached,Par.,1/21/2011,"$19,652,921"
Valkyrie,UA,12/25/2008,"$21,027,007"
Exorcist: The Beginning,WB,8/20/2004,"$18,054,001"
The Simpsons Movie,Fox,7/27/2007,"$74,036,787"
Out for Justice,WB,4/12/1991,"$10,524,026"
Daybreakers,LGF,1/8/2010,"$15,146,692"
King Arthur,BV,7/7/2004,"$15,193,907"
Heartbreakers,MGM,3/23/2001,"$11,801,323"
Maid in Manhattan,SonR,12/13/2002,"$18,711,407"
Sinister,Sum.,10/12/2012,"$18,007,634"
Obsessed,SGem,4/24/2009,"$28,612,730"
Monsters Vs. Aliens,P/DW,3/27/2009,"$59,321,095"
Swordfish,WB,6/8/2001,"$18,145,632"
Domestic Disturbance,Par.,11/2/2001,"$14,033,112"
Tomorrow Never Dies,MGM,12/19/1997,"$25,143,007"
The Prince of Tides,Col.,12/27/1991,"$10,035,412"
Nick and Norah's Infinite Playlist,Sony,10/3/2008,"$11,311,751"
GoldenEye,MGM,11/17/1995,"$26,205,007"
The Big Hit,Sony,4/24/1998,"$10,809,424"
Rio,Fox,4/15/2011,"$39,225,962"
"Me, Myself and Irene",Fox,6/23/2000,"$24,209,385"
The Naked Gun 33 1/3: The Final Insult,Par.,3/18/1994,"$13,216,531"
27 Dresses,Fox,1/18/2008,"$23,007,725"
Thirteen Ghosts,WB,10/26/2001,"$15,165,355"
The Flintstones,Uni.,5/27/1994,"$29,688,730"
The Pacifier,BV,3/4/2005,"$30,552,694"
Blade,NL,8/21/1998,"$17,073,856"
Indiana Jones and the Kingdom of the Crystal Skull,Par.,5/22/2008,"$100,137,835"
The Final Destination,WB (NL),8/28/2009,"$27,408,309"
Jet Li's Fearless,Rog.,9/22/2006,"$10,590,244"
Priest,SGem,5/13/2011,"$14,953,664"
The Dark Knight Rises,WB,7/20/2012,"$160,887,295"
The Women (2008),PicH,9/12/2008,"$10,115,210"
Death at a Funeral (2010),SGem,4/16/2010,"$16,217,540"
Jack and Jill,Sony,11/11/2011,"$25,003,575"
Confessions of a Shopaholic,BV,2/13/2009,"$15,066,360"
Seven,NL,9/22/1995,"$13,949,807"
How to Lose a Guy in 10 Days,Par.,2/7/2003,"$23,774,850"
The Santa Clause,BV,11/11/1994,"$19,321,992"
Sparkle (2012),TriS,8/17/2012,"$11,643,342"
The Back-Up Plan,CBS,4/23/2010,"$12,201,710"
Holes,BV,4/18/2003,"$16,300,155"
Hereafter,WB,10/22/2010,"$12,018,147"
The Matrix,WB,3/31/1999,"$27,788,331"
Exit Wounds,WB,3/16/2001,"$18,485,586"
Epic Movie,Fox,1/26/2007,"$18,612,544"
Courage Under Fire,Fox,7/12/1996,"$12,501,586"
Hulk,Uni.,6/20/2003,"$62,128,420"
The House Bunny,Sony,8/22/2008,"$14,533,702"
The Crazies,Over.,2/26/2010,"$16,067,552"
Rocky V,UA,11/16/1990,"$14,073,170"
Inside Man,Uni.,3/24/2006,"$28,954,945"
Hannah Montana/Miley Cyrus: Best of Both Worlds Concert Tour,BV,2/1/2008,"$31,117,834"
A Beautiful Mind,Uni.,1/4/2002,"$16,565,820"
The Tale of Despereaux,Uni.,12/19/2008,"$10,103,675"
Death Race,Uni.,8/22/2008,"$12,621,090"
Hero,Mira.,8/27/2004,"$18,004,319"
Rugrats Go Wild,Par.,6/13/2003,"$11,556,869"
Lake Placid,Fox,7/16/1999,"$10,974,145"
Shall We Dance,Mira.,10/15/2004,"$11,783,467"
Street Kings,FoxS,4/11/2008,"$12,469,631"
Patriot Games,Par.,6/5/1992,"$18,511,191"
Silent Hill,Sony,4/21/2006,"$20,152,598"
Thor,Par.,5/6/2011,"$65,723,338"
Chimpanzee,BV,4/20/2012,"$10,673,748"
Burlesque,SGem,11/24/2010,"$11,947,744"
The Men Who Stare at Goats,Over.,11/6/2009,"$12,706,654"
Road Trip,DW,5/19/2000,"$15,484,004"
Saw II,Lions,10/28/2005,"$31,725,652"
Harry Potter and the Deathly Hallows Part 1,WB,11/19/2010,"$125,017,372"
Easy A,SGem,9/17/2010,"$17,734,040"
The Mothman Prophecies,SGem,1/25/2002,"$11,208,851"
Phone Booth,Fox,4/4/2003,"$15,021,088"
A Very Harold &amp; Kumar 3D Christmas,WB (NL),11/4/2011,"$12,954,142"
The Chronicles of Riddick,Uni.,6/11/2004,"$24,289,165"
Big Fish,Sony,1/9/2004,"$13,811,191"
Men in Black II,Sony,7/3/2002,"$52,148,751"
Kiss the Girls,Par.,10/3/1997,"$13,215,167"
Mortal Kombat: Annihilation,NL,11/21/1997,"$16,771,694"
Disney's The Kid,BV,7/7/2000,"$12,687,726"
The Fighting Temptations,Par.,9/19/2003,"$11,758,372"
What Dreams May Come,Poly,10/2/1998,"$15,833,592"
Pirates of the Caribbean: At World's End,BV,5/25/2007,"$114,732,820"
The Recruit,BV,1/31/2003,"$16,302,063"
Tyler Perry's Why Did I Get Married?,LGF,10/12/2007,"$21,353,789"
Sherlock Holmes: A Game of Shadows,WB,12/16/2011,"$39,637,079"
The Skulls,Uni.,3/31/2000,"$11,034,885"
Spy Game,Uni.,11/21/2001,"$21,689,125"
Lakeview Terrace,SGem,9/19/2008,"$15,004,672"
Sin City,Dim.,4/1/2005,"$29,120,273"
Inception,WB,7/16/2010,"$62,785,337"
Dinosaur,BV,5/19/2000,"$38,854,851"
Rent,SonR,11/23/2005,"$10,016,021"
Beverly Hills Cop III,Par.,5/25/1994,"$12,426,169"
Ice Age: The Meltdown,Fox,3/31/2006,"$68,033,544"
Parental Guidance,Fox,12/25/2012,"$14,554,053"
Daddy Day Care,SonR,5/9/2003,"$27,623,580"
G-Force,BV,7/24/2009,"$31,706,934"
The Mask,NL,7/29/1994,"$23,117,068"
Lost in Space,NL,4/3/1998,"$20,154,919"
Aliens Vs. Predator - Requiem,Fox,12/25/2007,"$10,059,425"
Reno 911!: Miami,Fox,2/23/2007,"$10,273,477"
Zodiac,Par.,3/2/2007,"$13,395,610"
Up in the Air,Par.,12/23/2009,"$11,270,248"
Honey,Uni.,12/5/2003,"$12,856,040"
The World Is Not Enough,MGM,11/19/1999,"$35,519,007"
The Benchwarmers,SonR,4/7/2006,"$19,656,429"
Final Destination,NL,3/17/2000,"$10,015,822"
"Big Mommas: Like Father, Like Son",Fox,2/18/2011,"$16,300,803"
First Sunday,SGem,1/11/2008,"$17,714,821"
Hidalgo,BV,3/5/2004,"$18,829,435"
Old School,DW,2/21/2003,"$17,453,216"
Date Night,Fox,4/9/2010,"$25,207,599"
Water for Elephants,Fox,4/22/2011,"$16,842,353"
Look Who's Talking,TriS,10/13/1989,"$12,107,784"
Percy Jackson &amp; The Olympians: The Lightning Thief,Fox,2/12/2010,"$31,236,067"
Unknown,WB,2/18/2011,"$21,856,389"
The Love Guru,Par.,6/20/2008,"$13,907,130"
Cold Mountain,Mira.,12/25/2003,"$14,574,213"
House of Wax,WB,5/6/2005,"$12,077,236"
The Sentinel,Fox,4/21/2006,"$14,367,854"
The Horse Whisperer,BV,5/15/1998,"$13,685,488"
Drumline,Fox,12/13/2002,"$12,604,705"
Magic Mike,WB,6/29/2012,"$39,127,170"
Evan Almighty,Uni.,6/22/2007,"$31,192,615"
G.I. Jane,BV,8/22/1997,"$11,094,241"
Harry Potter and the Chamber of Secrets,WB,11/15/2002,"$88,357,488"
The Blair Witch Project,Art.,7/30/1999,"$29,207,381"
Skyfall,Sony,11/9/2012,"$88,364,714"
Out of Sight,Uni.,6/26/1998,"$12,020,435"
Old Dogs,BV,11/25/2009,"$16,894,511"
My Sister's Keeper,WB,6/26/2009,"$12,442,212"
Resident Evil: Retribution,SGem,9/14/2012,"$21,052,227"
Rocky III,UA,5/28/1982,"$12,431,486"
True Lies,Fox,7/15/1994,"$25,869,770"
Boomerang,Par.,7/1/1992,"$13,640,706"
K-19: The Widowmaker,Par.,7/19/2002,"$12,778,459"
Christmas with the Kranks,SonR,11/24/2004,"$21,570,867"
The Interpreter,Uni.,4/22/2005,"$22,822,455"
Matchstick Men,WB,9/12/2003,"$13,087,307"
Rules of Engagement,Par.,4/7/2000,"$15,011,181"
Step Up Revolution,Sum.,7/27/2012,"$11,731,708"
One For the Money,LGF,1/27/2012,"$11,515,790"
The Mechanic,CBS,1/28/2011,"$11,422,006"
Colombiana,TriS,8/26/2011,"$10,408,176"
Air Force One,Sony,7/25/1997,"$37,132,505"
The Help,BV,8/10/2011,"$26,044,590"
Charlie St. Cloud,Uni.,7/30/2010,"$12,381,585"
After the Sunset,NL,11/12/2004,"$11,100,392"
Cape Fear,Uni.,11/15/1991,"$10,261,025"
Taking Lives,WB,3/19/2004,"$11,458,465"
Recess: School's Out,BV,2/16/2001,"$10,065,873"
Men of Honor,Fox,11/10/2000,"$13,339,465"
Collateral,DW,8/6/2004,"$24,701,458"
Life of Pi,Fox,11/21/2012,"$22,451,514"
Secretariat,BV,10/8/2010,"$12,694,770"
The Ring,DW,10/18/2002,"$15,015,393"
Beowulf,Par.,11/16/2007,"$27,515,871"
Battle: Los Angeles,Sony,3/11/2011,"$35,573,187"
Hugo,Par.,11/23/2011,"$11,364,505"
The Day After Tomorrow,Fox,5/28/2004,"$68,743,584"
Beverly Hills Cop,Par.,12/5/1984,"$15,214,805"
George A. Romero's Land of the Dead,Uni.,6/24/2005,"$10,221,705"
The Count of Monte Cristo,BV,1/25/2002,"$11,376,150"
Stranger Than Fiction,Sony,11/10/2006,"$13,411,093"
Ladder 49,BV,10/1/2004,"$22,088,204"
American Pie,Uni.,7/9/1999,"$18,709,680"
What's the Worst That Could Happen?,MGM,6/1/2001,"$13,049,114"
Hannibal Rising,MGM/W,2/9/2007,"$13,051,650"
Three Kings,WB,10/1/1999,"$15,847,636"
Soul Surfer,TriS,4/8/2011,"$10,601,862"
Clerks II,MGM/W,7/21/2006,"$10,061,132"
Aliens,Fox,7/18/1986,"$10,052,042"
The Dictator,Par.,5/16/2012,"$17,435,092"
The Family Man,Uni.,12/22/2000,"$10,554,960"
Bride Wars,Fox,1/9/2009,"$21,058,173"
Eagle Eye,P/DW,9/26/2008,"$29,150,721"
Doom,Uni.,10/21/2005,"$15,488,870"
Children of Men,Uni.,1/5/2007,"$10,197,775"
21 Jump Street,Sony,3/16/2012,"$36,302,612"
Daylight,Uni.,12/6/1996,"$10,015,875"
The Island,DW,7/22/2005,"$12,409,070"
Tin Cup,WB,8/16/1996,"$10,128,834"
The Grudge,Sony,10/22/2004,"$39,128,715"
Armageddon,BV,7/1/1998,"$36,089,972"
A Nightmare on Elm Street 4: The Dream Master,NL,8/19/1988,"$12,833,403"
When in Rome,BV,1/29/2010,"$12,350,041"
Jackass: The Movie,Par.,10/25/2002,"$22,763,437"
Rock of Ages,WB (NL),6/15/2012,"$14,437,269"
Hop,Uni.,4/1/2011,"$37,543,710"
The Chronicles of Narnia: The Voyage of the Dawn Treader,Fox,12/10/2010,"$24,005,069"
Blue Crush,Uni.,8/16/2002,"$14,169,455"
Money Talks,NL,8/22/1997,"$10,654,369"
U.S. Marshals,WB,3/6/1998,"$16,863,988"
Immortals,Rela.,11/11/2011,"$32,206,425"
I Am Legend,WB,12/14/2007,"$77,211,321"
Stuart Little,Sony,12/17/1999,"$15,018,223"
Meet Joe Black,Uni.,11/13/1998,"$15,017,995"
Dragon: The Bruce Lee Story,Uni.,5/7/1993,"$10,019,970"
What Happens in Vegas,Fox,5/9/2008,"$20,172,474"
Inglourious Basterds,Wein.,8/21/2009,"$38,054,676"
Mamma Mia!,Uni.,7/18/2008,"$27,751,240"
Star Trek: The Motion Picture,Par.,,"$11,926,421"
Star Wars: Episode III - Revenge of the Sith,Fox,5/19/2005,"$108,435,841"
Kill Bill Vol. 2,Mira.,4/16/2004,"$25,104,949"
Jeepers Creepers 2,UA,8/29/2003,"$15,269,324"
Halloween (2007),MGM/W,8/31/2007,"$26,362,367"
The Missing,SonR,11/26/2003,"$10,833,633"
The Campaign,WB,8/10/2012,"$26,588,460"
Bad Santa,Dim.,11/26/2003,"$12,292,952"
Congo,Par.,6/9/1995,"$24,642,539"
Premonition,Sony,3/16/2007,"$17,558,689"
Terminator 2: Judgment Day,TriS,7/3/1991,"$31,765,506"
The Pink Panther 2,Sony,2/6/2009,"$11,588,150"
How the Grinch Stole Christmas,Uni.,11/17/2000,"$55,082,330"
40 Days and 40 Nights,Mira.,3/1/2002,"$12,229,529"
Shrek Forever After,P/DW,5/21/2010,"$70,838,207"
The Bourne Legacy,Uni.,8/10/2012,"$38,142,825"
Skyline,Uni.,11/12/2010,"$11,692,415"
Home Alone,Fox,11/16/1990,"$17,081,997"
Ghostbusters II,Col.,6/16/1989,"$29,472,894"
The Pirates! Band of Misfits,Sony,4/27/2012,"$11,137,734"
Hanna,Focus,4/8/2011,"$12,370,549"
Spice World,Sony,1/23/1998,"$10,527,222"
Twins,Uni.,12/9/1988,"$11,174,980"
There's Something About Mary,Fox,7/15/1998,"$13,740,644"
Rocky Balboa,MGM,12/20/2006,"$12,158,168"
101 Dalmatians (Re-issue) (1991),BV,7/12/1991,"$10,279,044"
Quantum of Solace,Sony,11/14/2008,"$67,528,882"
Enough,Sony,5/24/2002,"$14,009,653"
Vampires Suck,Fox,8/18/2010,"$12,202,831"
Borat: Cultural Learnings of America for Make Benefit Glorious Nation of Kazakhstan,Fox,11/3/2006,"$26,455,463"
The Forbidden Kingdom,LGF,4/18/2008,"$21,401,121"
Forrest Gump,Par.,7/6/1994,"$24,450,602"
Chicken Run,DW,6/23/2000,"$17,506,162"
Save the Last Dance,Par.,1/12/2001,"$23,444,930"
National Security,Sony,1/17/2003,"$14,369,694"
Urban Legend,Sony,9/25/1998,"$10,515,444"
Vantage Point,Sony,2/22/2008,"$22,874,936"
The Peacemaker,DW,9/26/1997,"$12,311,939"
Paul Blart: Mall Cop,Sony,1/16/2009,"$31,832,636"
American Reunion,Uni.,4/6/2012,"$21,514,080"
Space Cowboys,WB,8/4/2000,"$18,093,776"
Scott Pilgrim vs. the World,Uni.,8/13/2010,"$10,609,795"
XXX: State of the Union,SonR,4/29/2005,"$12,712,272"
The Hunted,Par.,3/14/2003,"$13,482,638"
City Slickers,Col.,6/7/1991,"$13,032,121"
From Hell,Fox,10/19/2001,"$11,014,818"
Robin Hood,Uni.,5/14/2010,"$36,063,385"
Wedding Crashers,NL,7/15/2005,"$33,900,720"
The Blind Side,WB,11/20/2009,"$34,119,372"
Step Brothers,Sony,7/25/2008,"$30,940,732"
Timecop,Uni.,9/16/1994,"$12,064,625"
Meet the Parents,Uni.,10/6/2000,"$28,623,300"
Starship Troopers,Sony,11/7/1997,"$22,058,773"
A Knight's Tale,Sony,5/11/2001,"$16,511,391"
Red Dragon,Uni.,10/4/2002,"$36,540,945"
Bean,Gram.,11/7/1997,"$12,733,827"
300,WB,3/9/2007,"$70,885,301"
Poseidon,WB,5/12/2006,"$22,155,410"
Red,Sum.,10/15/2010,"$21,761,408"
Final Fantasy: The Spirits Within,Sony,7/11/2001,"$11,408,853"
Superman Returns,WB,6/28/2006,"$52,535,096"
"I Love You, Man",P/DW,3/20/2009,"$17,810,270"
TMNT,WB,3/23/2007,"$24,255,205"
Fracture,NL,4/20/2007,"$11,014,657"
Stealth,Sony,7/29/2005,"$13,251,545"
Contact,WB,7/11/1997,"$20,584,908"
Spirit: Stallion of the Cimarron,DW,5/24/2002,"$17,770,036"
Cheaper by the Dozen,Fox,12/25/2003,"$27,557,647"
Bounce,Mira.,11/17/2000,"$11,423,716"
Miracle,BV,2/6/2004,"$19,377,577"
Employee of the Month,LGF,10/6/2006,"$11,407,751"
The Matrix Reloaded,WB,5/15/2003,"$91,774,413"
The Break-Up,Uni.,6/2/2006,"$39,172,785"
Riding in Cars with Boys,Sony,10/19/2001,"$10,404,652"
Friends with Benefits,SGem,7/22/2011,"$18,622,150"
The Avengers (1998),WB,8/14/1998,"$10,305,957"
Jimmy Neutron: Boy Genius,Par.,12/21/2001,"$13,832,786"
Jack,BV,8/9/1996,"$11,191,496"
Darkness Falls,SonR,1/24/2003,"$12,024,917"
Good Luck Chuck,LGF,9/21/2007,"$13,652,001"
Insomnia,WB,5/24/2002,"$20,930,169"
Lawless,Wein.,8/29/2012,"$10,001,982"
Season of the Witch,Rela.,1/7/2011,"$10,612,375"
Smokin' Aces,Uni.,1/26/2007,"$14,638,755"
Jeepers Creepers,UA,8/31/2001,"$13,106,108"
Hook,TriS,12/11/1991,"$13,522,535"
Antz,DW,10/2/1998,"$17,195,160"
Bewitched,Sony,6/24/2005,"$20,131,130"
1408,MGM/W,6/22/2007,"$20,617,667"
Semi-Pro,NL,2/29/2008,"$15,075,114"
Cliffhanger,TriS,5/28/1993,"$16,176,967"
Dragonheart,Uni.,5/31/1996,"$15,027,150"
Outbreak,WB,3/10/1995,"$13,420,387"
Something's Gotta Give,Sony,12/12/2003,"$16,064,723"
The Mexican,DW,3/2/2001,"$20,108,829"
Austin Powers in Goldmember,NL,7/26/2002,"$73,071,188"
Ocean's Thirteen,WB,6/8/2007,"$36,133,403"
The Pursuit of Happyness,Sony,12/15/2006,"$26,541,709"
Ray,Uni.,10/29/2004,"$20,039,730"
Little Fockers,Uni.,12/22/2010,"$30,833,665"
Salt,Sony,7/23/2010,"$36,011,243"
Interview with the Vampire,WB,11/11/1994,"$36,389,705"
Mr. Deeds,Sony,6/28/2002,"$37,162,787"
The Bodyguard,WB,11/25/1992,"$16,611,793"
Baby Mama,Uni.,4/25/2008,"$17,407,110"
Nights in Rodanthe,WB,9/26/2008,"$13,418,454"
Moneyball,Sony,9/23/2011,"$19,501,302"
Beavis and Butt-Head Do America,Par.,12/20/1996,"$20,114,233"
We Were Soldiers,Par.,3/1/2002,"$20,212,543"
Last Holiday,Par.,1/13/2006,"$12,806,188"
Finding Nemo (3D),BV,9/14/2012,"$16,687,773"
Bruce Almighty,Uni.,5/23/2003,"$67,953,330"
Yogi Bear,WB,12/17/2010,"$16,411,322"
The Day the Earth Stood Still (2008),Fox,12/12/2008,"$30,480,153"
Bridget Jones's Diary,Mira.,4/13/2001,"$10,733,933"
The 13th Warrior,BV,8/27/1999,"$10,267,756"
Drive (2011),FD,9/16/2011,"$11,340,461"
Miss Congeniality,WB,12/22/2000,"$10,046,534"
Brown Sugar,FoxS,10/11/2002,"$10,738,882"
Secret Window,Sony,3/12/2004,"$18,237,568"
Cowboys &amp; Aliens,Uni.,7/29/2011,"$36,431,290"
The Girl with the Dragon Tattoo (2011),Sony,12/21/2011,"$12,768,604"
Halloween II (2009),W/Dim.,8/28/2009,"$16,349,565"
Kung Fu Panda,P/DW,6/6/2008,"$60,239,130"
Jarhead,Uni.,11/4/2005,"$27,726,210"
Max Payne,Fox,10/17/2008,"$17,639,849"
Harold and Kumar Escape from Guantanamo Bay,WB (NL),4/25/2008,"$14,908,404"
The Lord of the Rings: The Two Towers,NL,12/18/2002,"$62,007,528"
One Missed Call,WB,1/4/2008,"$12,511,473"
The Stepford Wives,Par.,6/11/2004,"$21,406,781"
Texas Chainsaw 3D,LGF,1/4/2013,"$21,744,470"
The Rookie,BV,3/29/2002,"$16,021,684"
The Hills Have Eyes,FoxS,3/10/2006,"$15,708,512"
Hannah Montana The Movie,BV,4/10/2009,"$32,324,487"
The Santa Clause 3: The Escape Clause,BV,11/3/2006,"$19,504,038"
Serendipity,Mira.,10/5/2001,"$13,309,241"
Bride of Chucky,Uni.,10/16/1998,"$11,830,855"
Live Free or Die Hard,Fox,6/27/2007,"$33,369,559"
G.I. Joe: The Rise of Cobra,Par.,8/7/2009,"$54,713,046"
Captain America: The First Avenger,Par.,7/22/2011,"$65,058,524"
Barbershop,MGM,9/13/2002,"$20,627,433"
Unforgiven,WB,8/7/1992,"$15,018,007"
Snow White and the Huntsman,Uni.,6/1/2012,"$56,217,700"
The Flintstones in Viva Rock Vegas,Uni.,4/28/2000,"$10,518,435"
Mrs. Doubtfire,Fox,11/24/1993,"$20,468,847"
Pokemon: The First Movie,WB,11/10/1999,"$31,036,678"
Dangerous Minds,BV,8/11/1995,"$14,931,503"
Orphan,WB,7/24/2009,"$12,871,483"
The Number 23,NL,2/23/2007,"$14,602,867"
X-Men,Fox,7/14/2000,"$54,471,475"
Fahrenheit 9/11,Lions,6/25/2004,"$23,920,637"
Bad Boys,Sony,4/7/1995,"$15,523,358"
Killers,LGF,6/4/2010,"$15,837,266"
Absolute Power,Sony,2/14/1997,"$14,678,016"
Bolt,BV,11/21/2008,"$26,223,128"
Gran Torino,WB,1/9/2009,"$29,484,388"
Sleepers,WB,10/18/1996,"$12,305,745"
The Unborn (2009),Uni.,1/9/2009,"$19,810,585"
Cellular,NL,9/10/2004,"$10,100,571"
The Twilight Saga: Eclipse,Sum.,6/30/2010,"$64,832,191"
Lara Croft Tomb Raider: The Cradle of Life,Par.,7/25/2003,"$21,783,641"
Final Destination 2,NL,1/31/2003,"$16,017,141"
American Wedding,Uni.,8/1/2003,"$33,369,440"
Open Range,BV,8/15/2003,"$14,047,781"
Grindhouse,W/Dim.,4/6/2007,"$11,596,613"
White Noise,Uni.,1/7/2005,"$24,113,565"
The Hunger Games,LGF,3/23/2012,"$152,535,747"
A Cinderella Story,WB,7/16/2004,"$13,623,350"
House on Haunted Hill,WB,10/29/1999,"$15,946,032"
Fat Albert,Fox,12/25/2004,"$10,021,510"
Final Destination 3,NL,2/10/2006,"$19,173,094"
Rango,Par.,3/4/2011,"$38,079,323"
Species,MGM,7/7/1995,"$17,161,943"
The Lion King (in 3D),BV,9/16/2011,"$30,151,614"
Notting Hill,Uni.,5/28/1999,"$21,811,180"
Despicable Me,Uni.,7/9/2010,"$56,397,125"
The Wedding Singer,NL,2/13/1998,"$18,865,080"
The Woman in Black,CBS,2/3/2012,"$20,874,072"
Apollo 13,Uni.,6/30/1995,"$25,353,380"
A.I. Artificial Intelligence,WB,6/29/2001,"$29,352,630"
Open Water,Lions,8/20/2004,"$11,413,017"
Real Steel,BV,10/7/2011,"$27,319,677"
Life as We Know It,WB,10/8/2010,"$14,506,464"
Alien Vs. Predator,Fox,8/13/2004,"$38,291,056"
John Carter,BV,3/9/2012,"$30,180,188"
Stay Alive,BV,3/24/2006,"$10,726,406"
Dawn of the Dead,Uni.,3/19/2004,"$26,722,575"
License to Wed,WB,7/3/2007,"$10,422,258"
Surf's Up,Sony,6/8/2007,"$17,640,249"
Land of the Lost,Uni.,6/5/2009,"$18,837,350"
A Haunted House,ORF,1/11/2013,"$18,101,682"
The Saint,Par.,4/4/1997,"$16,278,873"
Cast Away,Fox,12/22/2000,"$28,883,406"
The Animal,SonR,6/1/2001,"$19,610,520"
The Golden Child,Par.,12/12/1986,"$11,549,711"
Anchorman: The Legend of Ron Burgundy,DW,7/9/2004,"$28,416,365"
Transporter 3,LGF,11/26/2008,"$12,063,452"
Just Like Heaven,DW,9/16/2005,"$16,408,718"
The Karate Kid,Sony,6/11/2010,"$55,665,805"
Tyler Perry's Meet the Browns,LGF,3/21/2008,"$20,082,809"
Gladiator,DW,5/5/2000,"$34,819,017"
Get Him to the Greek,Uni.,6/4/2010,"$17,570,955"
The Banger Sisters,FoxS,9/20/2002,"$10,037,846"
Romeo + Juliet,Fox,11/1/1996,"$11,133,231"
George of the Jungle,BV,7/18/1997,"$16,540,791"
